"label","area","perimeter","axis_major_length","sample","genotype","plant_num","side","rep_num","time"
1,462.954375,86.7080302527855,32.4449842362028,"Col-0 P1 abaxial_1","Col-0","P1","abaxial","1","week3"
2,374.96875,76.2291720294717,28.130957484673,"Col-0 P1 abaxial_1","Col-0","P1","abaxial","1","week3"
3,417.746875,80.1753661071843,28.8359646194181,"Col-0 P1 abaxial_1","Col-0","P1","abaxial","1","week3"
4,352.259375,74.1676496605567,27.8154194018184,"Col-0 P1 abaxial_1","Col-0","P1","abaxial","1","week3"
5,247.479375,61.1867838740466,21.4255247128092,"Col-0 P1 abaxial_1","Col-0","P1","abaxial","1","week3"
6,275.364375,62.3752615051316,21.5330880912101,"Col-0 P1 abaxial_1","Col-0","P1","abaxial","1","week3"
7,422.183125,82.1253661071843,30.9851040281388,"Col-0 P1 abaxial_1","Col-0","P1","abaxial","1","week3"
8,253.9225,65.3886868351903,25.928984404677,"Col-0 P1 abaxial_1","Col-0","P1","abaxial","1","week3"
9,368.314375,75.8484108450142,29.3800968733644,"Col-0 P1 abaxial_1","Col-0","P1","abaxial","1","week3"
10,446.054375,83.4253661071843,31.93081645486,"Col-0 P1 abaxial_1","Col-0","P1","abaxial","1","week3"
11,446.79375,89.7541197284454,34.6225464193723,"Col-0 P1 abaxial_1","Col-0","P1","abaxial","1","week3"
12,452.603125,84.915746699413,32.0116786271711,"Col-0 P1 abaxial_1","Col-0","P1","abaxial","1","week3"
13,393.55875,78.527269068328,29.487107535252,"Col-0 P1 abaxial_1","Col-0","P1","abaxial","1","week3"
14,400.31875,82.9195526217005,31.9072316216755,"Col-0 P1 abaxial_1","Col-0","P1","abaxial","1","week3"
1,475.52375,83.0310749906155,29.7240633610065,"Col-0 P1 abaxial_2","Col-0","P1","abaxial","2","week3"
2,429.47125,83.5368884760993,32.0717128178493,"Col-0 P1 abaxial_2","Col-0","P1","abaxial","2","week3"
3,194.35,51.502112165249,17.1572281846708,"Col-0 P1 abaxial_2","Col-0","P1","abaxial","2","week3"
4,434.11875,80.1291720294717,28.6405520120808,"Col-0 P1 abaxial_2","Col-0","P1","abaxial","2","week3"
5,392.08,77.7848809129029,28.4128481009545,"Col-0 P1 abaxial_2","Col-0","P1","abaxial","2","week3"
6,337.155,69.7156420973604,23.0500877710719,"Col-0 P1 abaxial_2","Col-0","P1","abaxial","2","week3"
7,463.905,87.8176496605568,33.3057066677669,"Col-0 P1 abaxial_2","Col-0","P1","abaxial","2","week3"
8,354.160625,70.7599332139292,24.1728426363905,"Col-0 P1 abaxial_2","Col-0","P1","abaxial","2","week3"
9,422.183125,78.4484108450142,27.7523748308432,"Col-0 P1 abaxial_2","Col-0","P1","abaxial","2","week3"
10,376.553125,74.6599332139292,26.6427391380702,"Col-0 P1 abaxial_2","Col-0","P1","abaxial","2","week3"
1,322.684375,74.1079256507328,30.5035623155692,"Col-0 P1 adaxial_1","Col-0","P1","adaxial","1","week3"
2,249.90875,62.2637391362167,23.3097776212228,"Col-0 P1 adaxial_1","Col-0","P1","adaxial","1","week3"
3,280.9625,66.2425973595304,24.7892253158805,"Col-0 P1 adaxial_1","Col-0","P1","adaxial","1","week3"
4,340.640625,73.5041197284454,28.5475153851191,"Col-0 P1 adaxial_1","Col-0","P1","adaxial","1","week3"
5,326.5925,74.0099332139292,27.5076535734585,"Col-0 P1 adaxial_1","Col-0","P1","adaxial","1","week3"
6,298.390625,70.4906943983867,27.8948044034666,"Col-0 P1 adaxial_1","Col-0","P1","adaxial","1","week3"
7,311.17125,70.5233585439879,26.4927894714232,"Col-0 P1 adaxial_1","Col-0","P1","adaxial","1","week3"
8,316.558125,68.7175450585041,24.6629904265621,"Col-0 P1 adaxial_1","Col-0","P1","adaxial","1","week3"
9,310.74875,70.950313806158,26.469492533001,"Col-0 P1 adaxial_1","Col-0","P1","adaxial","1","week3"
10,361.87125,78.3233585439879,30.2047618592869,"Col-0 P1 adaxial_1","Col-0","P1","adaxial","1","week3"
1,363.033125,77.0695526217005,29.6074270192975,"Col-0 P1 adaxial_2","Col-0","P1","adaxial","2","week3"
2,301.45375,69.1771644662754,25.8322634483842,"Col-0 P1 adaxial_2","Col-0","P1","adaxial","2","week3"
3,351.30875,77.7522167673017,29.7272783106065,"Col-0 P1 adaxial_2","Col-0","P1","adaxial","2","week3"
4,257.725,64.6598286118766,25.298211129504,"Col-0 P1 adaxial_2","Col-0","P1","adaxial","2","week3"
5,347.50625,73.6945003206742,27.6915930919677,"Col-0 P1 adaxial_2","Col-0","P1","adaxial","2","week3"
6,384.369375,83.188791437243,32.1893609044318,"Col-0 P1 adaxial_2","Col-0","P1","adaxial","2","week3"
7,363.666875,78.1676235100436,28.7607175794778,"Col-0 P1 adaxial_2","Col-0","P1","adaxial","2","week3"
8,288.673125,65.2445003206741,23.9973937290625,"Col-0 P1 adaxial_2","Col-0","P1","adaxial","2","week3"
1,319.304375,73.3137391362167,27.9499463437531,"Col-0 P2 abaxial_1","Col-0","P2","abaxial","1","week3"
2,345.921875,81.3965078838705,33.7166111543355,"Col-0 P2 abaxial_1","Col-0","P2","abaxial","1","week3"
3,345.39375,86.4312057431813,35.7436178414623,"Col-0 P2 abaxial_1","Col-0","P2","abaxial","1","week3"
4,252.971875,69.1253661071843,28.7658703578593,"Col-0 P2 abaxial_1","Col-0","P2","abaxial","1","week3"
5,339.161875,82.1906943983867,33.7444843534414,"Col-0 P2 abaxial_1","Col-0","P2","abaxial","1","week3"
6,223.71375,67.2598286118766,28.6255826339083,"Col-0 P2 abaxial_1","Col-0","P2","abaxial","1","week3"
7,216.7425,59.7752615051316,23.4082471816308,"Col-0 P2 abaxial_1","Col-0","P2","abaxial","1","week3"
8,289.940625,68.9214555828442,26.7821989540038,"Col-0 P2 abaxial_1","Col-0","P2","abaxial","1","week3"
9,307.36875,69.9522167673017,26.2473975349387,"Col-0 P2 abaxial_1","Col-0","P2","abaxial","1","week3"
10,379.299375,82.6311795926681,33.9201852229364,"Col-0 P2 abaxial_1","Col-0","P2","abaxial","1","week3"
11,281.385,70.3329779517592,27.9884510719221,"Col-0 P2 abaxial_1","Col-0","P2","abaxial","1","week3"
1,414.05,81.5080302527855,30.8428464942018,"Col-0 P2 abaxial_2","Col-0","P2","abaxial","2","week3"
2,361.02625,79.7810749906155,31.147361200147,"Col-0 P2 abaxial_2","Col-0","P2","abaxial","2","week3"
3,327.22625,79.0386868351903,33.838648519814,"Col-0 P2 abaxial_2","Col-0","P2","abaxial","2","week3"
4,317.2975,68.4618361750729,25.4510022909019,"Col-0 P2 abaxial_2","Col-0","P2","abaxial","2","week3"
5,314.7625,77.4176496605567,31.0151476243365,"Col-0 P2 abaxial_2","Col-0","P2","abaxial","2","week3"
6,232.269375,66.8925973595304,27.1131097241985,"Col-0 P2 abaxial_2","Col-0","P2","abaxial","2","week3"
7,479.643125,84.0945003206741,29.207597993674,"Col-0 P2 abaxial_2","Col-0","P2","abaxial","2","week3"
8,249.591875,61.4098286118766,22.725209902257,"Col-0 P2 abaxial_2","Col-0","P2","abaxial","2","week3"
9,467.601875,84.8830825538118,31.0841172094203,"Col-0 P2 abaxial_2","Col-0","P2","abaxial","2","week3"
10,375.6025,75.277269068328,27.7853031097745,"Col-0 P2 abaxial_2","Col-0","P2","abaxial","2","week3"
11,387.960625,82.4714817333574,32.4385631155027,"Col-0 P2 abaxial_2","Col-0","P2","abaxial","2","week3"
12,416.268125,82.5714555828442,31.963188987943,"Col-0 P2 abaxial_2","Col-0","P2","abaxial","2","week3"
13,406.761875,87.0234631460406,34.4082512677543,"Col-0 P2 abaxial_2","Col-0","P2","abaxial","2","week3"
1,320.783125,71.8695526217005,27.1084331698914,"Col-0 P2 adaxial_1","Col-0","P2","adaxial","1","week3"
2,272.618125,68.4945003206741,26.7672994795663,"Col-0 P2 adaxial_1","Col-0","P2","adaxial","1","week3"
3,356.484375,80.8580302527855,32.1288197870726,"Col-0 P2 adaxial_1","Col-0","P2","adaxial","1","week3"
4,334.40875,84.3637391362167,34.7888046228487,"Col-0 P2 adaxial_1","Col-0","P2","adaxial","1","week3"
5,152.628125,54.213634534164,22.4181106683231,"Col-0 P2 adaxial_1","Col-0","P2","adaxial","1","week3"
6,290.04625,71.8368884760993,28.7237008872431,"Col-0 P2 adaxial_1","Col-0","P2","adaxial","1","week3"
7,244.205,67.9771383157622,27.4490764965366,"Col-0 P2 adaxial_1","Col-0","P2","adaxial","1","week3"
8,307.685625,74.0099332139292,29.7173469087666,"Col-0 P2 adaxial_1","Col-0","P2","adaxial","1","week3"
1,216.848125,61.5348809129029,24.1792424516344,"Col-0 P2 adaxial_2","Col-0","P2","adaxial","2","week3"
2,330.8175,74.200313806158,28.4420040809279,"Col-0 P2 adaxial_2","Col-0","P2","adaxial","2","week3"
3,299.34125,68.1137391362167,25.8457970726015,"Col-0 P2 adaxial_2","Col-0","P2","adaxial","2","week3"
4,258.35875,69.9848809129029,28.0226422654733,"Col-0 P2 adaxial_2","Col-0","P2","adaxial","2","week3"
5,278.4275,66.969474170161,26.2005022679763,"Col-0 P2 adaxial_2","Col-0","P2","adaxial","2","week3"
6,307.896875,67.0367838740466,23.6977117568783,"Col-0 P2 adaxial_2","Col-0","P2","adaxial","2","week3"
7,350.569375,76.9118361750729,29.9696545838414,"Col-0 P2 adaxial_2","Col-0","P2","adaxial","2","week3"
8,269.871875,65.1656420973604,24.8813618428531,"Col-0 P2 adaxial_2","Col-0","P2","adaxial","2","week3"
1,505.09875,86.8195526217005,30.7776240107854,"Col-0 P3 abaxial_1","Col-0","P3","abaxial","1","week3"
2,392.608125,79.400313806158,31.161758923374,"Col-0 P3 abaxial_1","Col-0","P3","abaxial","1","week3"
3,331.556875,76.1638437382693,31.1914740797954,"Col-0 P3 abaxial_1","Col-0","P3","abaxial","1","week3"
4,359.441875,76.7214555828442,29.6378601765184,"Col-0 P3 abaxial_1","Col-0","P3","abaxial","1","week3"
5,335.25375,74.6925973595304,27.7663738805977,"Col-0 P3 abaxial_1","Col-0","P3","abaxial","1","week3"
6,390.706875,74.3580302527855,25.1418511518938,"Col-0 P3 abaxial_1","Col-0","P3","abaxial","1","week3"
7,249.591875,67.8309703885628,28.022676706527,"Col-0 P3 abaxial_1","Col-0","P3","abaxial","1","week3"
8,455.455,84.600313806158,31.6492248558989,"Col-0 P3 abaxial_1","Col-0","P3","abaxial","1","week3"
9,369.581875,76.577269068328,28.8203504987696,"Col-0 P3 abaxial_1","Col-0","P3","abaxial","1","week3"
10,319.62125,66.8464032818179,22.325176118267,"Col-0 P3 abaxial_1","Col-0","P3","abaxial","1","week3"
11,467.7075,87.9753661071843,33.8710228608579,"Col-0 P3 abaxial_1","Col-0","P3","abaxial","1","week3"
12,437.07625,82.7618361750729,31.3305478732638,"Col-0 P3 abaxial_1","Col-0","P3","abaxial","1","week3"
1,440.561875,85.9791720294717,34.224270907426,"Col-0 P3 abaxial_2","Col-0","P3","abaxial","2","week3"
2,540.905625,88.9137391362167,30.7219694603516,"Col-0 P3 abaxial_2","Col-0","P3","abaxial","2","week3"
3,380.6725,78.100313806158,29.5892864279933,"Col-0 P3 abaxial_2","Col-0","P3","abaxial","2","week3"
4,567.20625,102.734985514956,41.5128226908434,"Col-0 P3 abaxial_2","Col-0","P3","abaxial","2","week3"
5,478.27,86.0253661071843,31.428291536024,"Col-0 P3 abaxial_2","Col-0","P3","abaxial","2","week3"
6,387.64375,75.277269068328,26.7148993982458,"Col-0 P3 abaxial_2","Col-0","P3","abaxial","2","week3"
7,367.046875,80.9368884760993,33.2332883611159,"Col-0 P3 abaxial_2","Col-0","P3","abaxial","2","week3"
8,441.406875,84.0753661071843,31.4928482058621,"Col-0 P3 abaxial_2","Col-0","P3","abaxial","2","week3"
9,362.505,78.2580302527855,29.7159655557887,"Col-0 P3 abaxial_2","Col-0","P3","abaxial","2","week3"
10,353.738125,80.1291720294717,31.9062670551359,"Col-0 P3 abaxial_2","Col-0","P3","abaxial","2","week3"
11,385.214375,82.9984108450142,32.9009154260623,"Col-0 P3 abaxial_2","Col-0","P3","abaxial","2","week3"
1,314.34,71.7445003206741,28.2575668609972,"Col-0 P3 adaxial_1","Col-0","P3","adaxial","1","week3"
2,360.286875,85.138791437243,34.7083979831547,"Col-0 P3 adaxial_1","Col-0","P3","adaxial","1","week3"
3,307.896875,69.4137391362167,26.3971689282575,"Col-0 P3 adaxial_1","Col-0","P3","adaxial","1","week3"
4,441.72375,92.8599332139292,37.9832190993689,"Col-0 P3 adaxial_1","Col-0","P3","adaxial","1","week3"
5,358.174375,81.2252615051316,33.8715835166187,"Col-0 P3 adaxial_1","Col-0","P3","adaxial","1","week3"
6,303.671875,70.2079256507328,25.5559751515775,"Col-0 P3 adaxial_1","Col-0","P3","adaxial","1","week3"
7,387.855,80.7791720294717,30.4643098678182,"Col-0 P3 adaxial_1","Col-0","P3","adaxial","1","week3"
8,303.883125,72.250313806158,28.8330286779283,"Col-0 P3 adaxial_1","Col-0","P3","adaxial","1","week3"
1,231.9525,64.0098286118766,24.9726796377354,"Col-0 P3 adaxial_2","Col-0","P3","adaxial","2","week3"
2,340.535,76.5310749906155,29.7314069555481,"Col-0 P3 adaxial_2","Col-0","P3","adaxial","2","week3"
3,286.8775,73.7868884760993,29.9171774771723,"Col-0 P3 adaxial_2","Col-0","P3","adaxial","2","week3"
4,245.05,69.9060226895891,28.6839574607056,"Col-0 P3 adaxial_2","Col-0","P3","adaxial","2","week3"
5,251.704375,71.7445003206741,29.9127717241346,"Col-0 P3 adaxial_2","Col-0","P3","adaxial","2","week3"
6,367.1525,76.5637391362167,29.3962717326921,"Col-0 P3 adaxial_2","Col-0","P3","adaxial","2","week3"
7,366.94125,77.369474170161,30.6251908784921,"Col-0 P3 adaxial_2","Col-0","P3","adaxial","2","week3"
8,263.111875,72.0925973595304,30.556469670758,"Col-0 P3 adaxial_2","Col-0","P3","adaxial","2","week3"
9,397.15,81.0484108450142,31.4882552987798,"Col-0 P3 adaxial_2","Col-0","P3","adaxial","2","week3"
10,348.879375,79.5906943983867,31.5968457145199,"Col-0 P3 adaxial_2","Col-0","P3","adaxial","2","week3"
11,291.841875,68.6060226895891,26.5055541992504,"Col-0 P3 adaxial_2","Col-0","P3","adaxial","2","week3"
1,419.12,76.800313806158,27.7194556515422,"RIC P1 abaxial_1","RIC","P1","abaxial","1","week3"
2,204.70125,55.1328733497065,19.5959561914874,"RIC P1 abaxial_1","RIC","P1","abaxial","1","week3"
3,385.003125,78.2445003206741,27.0647509229868,"RIC P1 abaxial_1","RIC","P1","abaxial","1","week3"
4,364.723125,74.2656420973604,26.2410148672284,"RIC P1 abaxial_1","RIC","P1","abaxial","1","week3"
5,372.116875,72.2176496605568,22.6714673715554,"RIC P1 abaxial_1","RIC","P1","abaxial","1","week3"
6,433.0625,81.696429432331,29.4576110325479,"RIC P1 abaxial_1","RIC","P1","abaxial","1","week3"
7,595.196875,98.454224330498,36.1277216601008,"RIC P1 abaxial_1","RIC","P1","abaxial","1","week3"
8,181.46375,54.2598286118766,20.6583927787167,"RIC P1 abaxial_1","RIC","P1","abaxial","1","week3"
9,412.043125,75.6906943983867,24.098062304029,"RIC P1 abaxial_1","RIC","P1","abaxial","1","week3"
10,443.308125,82.4137391362167,29.5003322874703,"RIC P1 abaxial_1","RIC","P1","abaxial","1","week3"
11,439.4,87.6734631460406,34.1265056997039,"RIC P1 abaxial_1","RIC","P1","abaxial","1","week3"
12,431.689375,81.4849332139292,29.5377656215861,"RIC P1 abaxial_1","RIC","P1","abaxial","1","week3"
13,174.598125,48.902112165249,16.5114725450625,"RIC P1 abaxial_1","RIC","P1","abaxial","1","week3"
14,355.639375,71.6329779517592,23.1124440475177,"RIC P1 abaxial_1","RIC","P1","abaxial","1","week3"
15,164.035625,48.7443957186215,16.239517767478,"RIC P1 abaxial_1","RIC","P1","abaxial","1","week3"
16,412.676875,76.6752615051316,25.155167790563,"RIC P1 abaxial_1","RIC","P1","abaxial","1","week3"
17,268.604375,63.2945003206742,21.9086887400853,"RIC P1 abaxial_1","RIC","P1","abaxial","1","week3"
18,506.683125,90.9561272916418,34.4858953355706,"RIC P1 abaxial_1","RIC","P1","abaxial","1","week3"
1,388.2775,78.5464032818179,29.1516597040502,"RIC P1 abaxial_2","RIC","P1","abaxial","2","week3"
2,231.635625,58.5867838740466,21.5276910299248,"RIC P1 abaxial_2","RIC","P1","abaxial","2","week3"
3,216.848125,56.1771644662754,19.7430654967507,"RIC P1 abaxial_2","RIC","P1","abaxial","2","week3"
4,375.81375,74.7714555828442,27.7493828700209,"RIC P1 abaxial_2","RIC","P1","abaxial","2","week3"
5,501.824375,88.7504184082106,32.2218022550876,"RIC P1 abaxial_2","RIC","P1","abaxial","2","week3"
6,504.993125,87.3253661071843,31.0089140987179,"RIC P1 abaxial_2","RIC","P1","abaxial","2","week3"
7,369.89875,72.6964032818179,24.1004157039126,"RIC P1 abaxial_2","RIC","P1","abaxial","2","week3"
8,407.92375,77.0695526217005,26.6878526544207,"RIC P1 abaxial_2","RIC","P1","abaxial","2","week3"
9,378.031875,74.7714555828442,26.9433455316506,"RIC P1 abaxial_2","RIC","P1","abaxial","2","week3"
10,283.70875,69.4137391362167,26.2744304655326,"RIC P1 abaxial_2","RIC","P1","abaxial","2","week3"
11,348.5625,70.3194480196478,22.7603559037926,"RIC P1 abaxial_2","RIC","P1","abaxial","2","week3"
12,401.16375,77.988791437243,27.8935096468244,"RIC P1 abaxial_2","RIC","P1","abaxial","2","week3"
13,385.425625,73.6618361750729,23.5958540612076,"RIC P1 abaxial_2","RIC","P1","abaxial","2","week3"
14,257.196875,67.2271644662754,25.9131082336353,"RIC P1 abaxial_2","RIC","P1","abaxial","2","week3"
1,264.168125,62.5194480196478,22.4344565645579,"RIC P1 adaxial_1","RIC","P1","adaxial","1","week3"
2,308.425,72.3945003206741,28.499571068772,"RIC P1 adaxial_1","RIC","P1","adaxial","1","week3"
3,245.68375,65.3098286118766,25.6384192254995,"RIC P1 adaxial_1","RIC","P1","adaxial","1","week3"
4,301.665,70.8252615051316,27.4165439622185,"RIC P1 adaxial_1","RIC","P1","adaxial","1","week3"
5,213.679375,55.6386868351903,19.4736930971478,"RIC P1 adaxial_1","RIC","P1","adaxial","1","week3"
6,223.608125,66.9252615051316,27.7280344783934,"RIC P1 adaxial_1","RIC","P1","adaxial","1","week3"
7,307.685625,65.9733585439879,23.5770304304428,"RIC P1 adaxial_1","RIC","P1","adaxial","1","week3"
8,230.89625,60.0445003206742,22.8587529680339,"RIC P1 adaxial_1","RIC","P1","adaxial","1","week3"
9,236.283125,60.8386868351903,23.3174736208386,"RIC P1 adaxial_1","RIC","P1","adaxial","1","week3"
10,288.250625,65.9271644662754,23.5988095932985,"RIC P1 adaxial_1","RIC","P1","adaxial","1","week3"
11,265.11875,65.5790674274191,25.3852292317609,"RIC P1 adaxial_1","RIC","P1","adaxial","1","week3"
1,250.12,60.7406943983867,21.9801485055666,"RIC P1 adaxial_2","RIC","P1","adaxial","2","week3"
2,282.86375,68.3367838740466,25.7853340502574,"RIC P1 adaxial_2","RIC","P1","adaxial","2","week3"
3,209.56,58.0347763108502,22.9068469942335,"RIC P1 adaxial_2","RIC","P1","adaxial","2","week3"
4,196.779375,62.3290674274191,25.6714643715503,"RIC P1 adaxial_2","RIC","P1","adaxial","2","week3"
5,313.178125,65.9733585439879,21.2108874629104,"RIC P1 adaxial_2","RIC","P1","adaxial","2","week3"
6,206.708125,60.6809703885628,24.6294285296982,"RIC P1 adaxial_2","RIC","P1","adaxial","2","week3"
7,199.525625,54.4828733497065,19.3306053271153,"RIC P1 adaxial_2","RIC","P1","adaxial","2","week3"
8,225.40375,61.5002353546185,23.9111456008551,"RIC P1 adaxial_2","RIC","P1","adaxial","2","week3"
9,240.825,60.6945003206742,22.7256539495329,"RIC P1 adaxial_2","RIC","P1","adaxial","2","week3"
10,238.29,65.0541197284454,25.7330323529229,"RIC P1 adaxial_2","RIC","P1","adaxial","2","week3"
11,200.89875,56.3540151263927,21.6830512626456,"RIC P1 adaxial_2","RIC","P1","adaxial","2","week3"
1,253.9225,62.5194480196478,22.0235031934762,"RIC P2 abaxial_1","RIC","P2","abaxial","1","week3"
2,299.13,67.8445003206741,25.6585632358549,"RIC P2 abaxial_1","RIC","P2","abaxial","1","week3"
3,249.275,62.1848809129029,23.6505450138436,"RIC P2 abaxial_1","RIC","P2","abaxial","1","week3"
4,247.1625,59.190589796334,20.350554091289,"RIC P2 abaxial_1","RIC","P2","abaxial","1","week3"
5,378.1375,74.2656420973604,25.8445553935657,"RIC P2 abaxial_1","RIC","P2","abaxial","1","week3"
6,201.638125,54.4175450585041,18.5043302533827,"RIC P2 abaxial_1","RIC","P2","abaxial","1","week3"
7,325.853125,68.4483062429616,24.0265036067299,"RIC P2 abaxial_1","RIC","P2","abaxial","1","week3"
1,299.975,67.5521644662754,24.8526603538842,"RIC P2 abaxial_2","RIC","P2","abaxial","2","week3"
2,276.94875,61.8367838740466,21.0578964428938,"RIC P2 abaxial_2","RIC","P2","abaxial","2","week3"
3,198.891875,56.5905897963341,21.1674193034996,"RIC P2 abaxial_2","RIC","P2","abaxial","2","week3"
4,178.92875,51.9155374953077,18.8081561162978,"RIC P2 abaxial_2","RIC","P2","abaxial","2","week3"
5,245.895,65.6579256507328,26.5521046204971,"RIC P2 abaxial_2","RIC","P2","abaxial","2","week3"
6,254.55625,63.1367838740466,24.6667155511049,"RIC P2 abaxial_2","RIC","P2","abaxial","2","week3"
2,531.505,88.5465078838705,30.0316494980463,"RIC P2 adaxial_1","RIC","P2","adaxial","1","week3"
3,385.10875,82.0329779517592,33.616430192256,"RIC P2 adaxial_1","RIC","P2","adaxial","1","week3"
4,256.88,64.4367838740466,25.0590349227953,"RIC P2 adaxial_1","RIC","P2","adaxial","1","week3"
5,407.92375,76.7867838740466,25.8828260783429,"RIC P2 adaxial_1","RIC","P2","adaxial","1","week3"
6,382.679375,72.8541197284454,24.3061761060815,"RIC P2 adaxial_1","RIC","P2","adaxial","1","week3"
7,492.42375,84.265746699413,29.1789847419663,"RIC P2 adaxial_1","RIC","P2","adaxial","1","week3"
8,327.015,69.6041197284454,25.1011437225627,"RIC P2 adaxial_1","RIC","P2","adaxial","1","week3"
9,253.71125,58.652112165249,18.1934487960527,"RIC P2 adaxial_1","RIC","P2","adaxial","1","week3"
10,406.128125,77.5156420973604,27.308668140681,"RIC P2 adaxial_1","RIC","P2","adaxial","1","week3"
11,530.765625,87.8829779517592,29.9819082767078,"RIC P2 adaxial_1","RIC","P2","adaxial","1","week3"
12,265.858125,61.0290674274191,20.193050278066,"RIC P2 adaxial_1","RIC","P2","adaxial","1","week3"
13,467.91875,82.427269068328,29.0767209203118,"RIC P2 adaxial_1","RIC","P2","adaxial","1","week3"
14,247.479375,63.1367838740466,23.3345910900056,"RIC P2 adaxial_1","RIC","P2","adaxial","1","week3"
15,363.7725,74.8829779517592,26.2580517933911,"RIC P2 adaxial_1","RIC","P2","adaxial","1","week3"
16,408.34625,78.527269068328,29.3154963663375,"RIC P2 adaxial_1","RIC","P2","adaxial","1","week3"
17,98.4425,37.8385822331377,13.9079297951587,"RIC P2 adaxial_1","RIC","P2","adaxial","1","week3"
18,424.295625,83.8156943983867,30.754257170272,"RIC P2 adaxial_1","RIC","P2","adaxial","1","week3"
1,489.360625,83.4906943983867,27.8190834651862,"RIC P2 adaxial_2","RIC","P2","adaxial","2","week3"
2,392.71375,75.5791720294717,27.5052806046663,"RIC P2 adaxial_2","RIC","P2","adaxial","2","week3"
3,381.72875,72.7099332139292,23.4407240088773,"RIC P2 adaxial_2","RIC","P2","adaxial","2","week3"
4,526.0125,88.8810749906155,30.1920832392138,"RIC P2 adaxial_2","RIC","P2","adaxial","2","week3"
5,342.85875,70.8579256507328,25.8086154358347,"RIC P2 adaxial_2","RIC","P2","adaxial","2","week3"
6,377.186875,74.8367838740466,26.4524887923652,"RIC P2 adaxial_2","RIC","P2","adaxial","2","week3"
7,252.549375,62.0271644662754,23.2797751648184,"RIC P2 adaxial_2","RIC","P2","adaxial","2","week3"
8,284.659375,65.4213509807915,23.0824255027564,"RIC P2 adaxial_2","RIC","P2","adaxial","2","week3"
9,209.243125,57.0502092041053,21.7942707480223,"RIC P2 adaxial_2","RIC","P2","adaxial","2","week3"
10,448.378125,79.8599332139292,26.7528120335381,"RIC P2 adaxial_2","RIC","P2","adaxial","2","week3"
11,306.418125,68.9079256507328,25.1833119442027,"RIC P2 adaxial_2","RIC","P2","adaxial","2","week3"
12,316.4525,67.7194480196478,24.1845898252358,"RIC P2 adaxial_2","RIC","P2","adaxial","2","week3"
13,326.486875,75.5791720294717,29.6147465083968,"RIC P2 adaxial_2","RIC","P2","adaxial","2","week3"
14,214.84125,60.1329256507328,22.7584243677942,"RIC P2 adaxial_2","RIC","P2","adaxial","2","week3"
15,375.18,72.5848809129029,24.3421560323189,"RIC P2 adaxial_2","RIC","P2","adaxial","2","week3"
16,359.230625,71.2848809129029,23.8670090031093,"RIC P2 adaxial_2","RIC","P2","adaxial","2","week3"
17,351.73125,71.0945003206742,24.5500441777429,"RIC P2 adaxial_2","RIC","P2","adaxial","2","week3"
18,321.205625,68.9867838740466,21.9253462379985,"RIC P2 adaxial_2","RIC","P2","adaxial","2","week3"
19,258.253125,62.6771644662754,23.5730356759576,"RIC P2 adaxial_2","RIC","P2","adaxial","2","week3"
20,338.4225,78.8156420973604,32.2573387589349,"RIC P2 adaxial_2","RIC","P2","adaxial","2","week3"
1,289.62375,72.0790674274191,29.0521977607103,"RIC P3 abaxial_1","RIC","P3","abaxial","1","week3"
2,321.31125,68.2925712090173,23.9455893662669,"RIC P3 abaxial_1","RIC","P3","abaxial","1","week3"
3,417.64125,77.4367838740466,26.3234150352247,"RIC P3 abaxial_1","RIC","P3","abaxial","1","week3"
4,235.438125,58.6194480196478,20.8883130164694,"RIC P3 abaxial_1","RIC","P3","abaxial","1","week3"
5,264.0625,65.2445003206741,24.5806104693858,"RIC P3 abaxial_1","RIC","P3","abaxial","1","week3"
6,304.516875,65.8945003206741,22.2981826564615,"RIC P3 abaxial_1","RIC","P3","abaxial","1","week3"
7,261.210625,61.9483062429616,21.0776880207379,"RIC P3 abaxial_1","RIC","P3","abaxial","1","week3"
8,415.52875,81.6637652867298,31.264041172114,"RIC P3 abaxial_1","RIC","P3","abaxial","1","week3"
9,380.03875,73.215746699413,22.7573101627406,"RIC P3 abaxial_1","RIC","P3","abaxial","1","week3"
10,384.8975,78.3695526217005,29.6248821147997,"RIC P3 abaxial_1","RIC","P3","abaxial","1","week3"
11,258.253125,64.9752615051316,25.3707665699616,"RIC P3 abaxial_1","RIC","P3","abaxial","1","week3"
12,186.11125,52.7694480196478,19.013714169852,"RIC P3 abaxial_1","RIC","P3","abaxial","1","week3"
13,161.500625,48.4424927574778,17.3195050311813,"RIC P3 abaxial_1","RIC","P3","abaxial","1","week3"
14,425.66875,81.6522167673017,30.291160369662,"RIC P3 abaxial_1","RIC","P3","abaxial","1","week3"
15,176.710625,50.4386868351903,17.7314250347871,"RIC P3 abaxial_1","RIC","P3","abaxial","1","week3"
16,392.185625,77.227269068328,28.4205187397753,"RIC P3 abaxial_1","RIC","P3","abaxial","1","week3"
17,426.51375,83.4580302527855,31.5108769694523,"RIC P3 abaxial_1","RIC","P3","abaxial","1","week3"
1,413.41625,80.4310749906155,29.9416569179087,"RIC P3 abaxial_2","RIC","P3","abaxial","2","week3"
2,173.225,50.4713509807915,18.0022681794936,"RIC P3 abaxial_2","RIC","P3","abaxial","2","week3"
3,390.495625,76.6099332139292,27.490778827996,"RIC P3 abaxial_2","RIC","P3","abaxial","2","week3"
4,163.190625,48.1732539419353,16.9256171902395,"RIC P3 abaxial_2","RIC","P3","abaxial","2","week3"
5,408.451875,82.3946049227268,31.2269251773575,"RIC P3 abaxial_2","RIC","P3","abaxial","2","week3"
6,364.934375,78.100313806158,30.3105395827408,"RIC P3 abaxial_2","RIC","P3","abaxial","2","week3"
7,235.015625,64.5156420973604,25.7701235827857,"RIC P3 abaxial_2","RIC","P3","abaxial","2","week3"
8,174.175625,51.5809703885628,19.0849151518299,"RIC P3 abaxial_2","RIC","P3","abaxial","2","week3"
9,491.473125,84.1215601848969,28.111457214728,"RIC P3 abaxial_2","RIC","P3","abaxial","2","week3"
10,320.360625,68.5733585439879,23.9505227105863,"RIC P3 abaxial_2","RIC","P3","abaxial","2","week3"
11,254.345,62.0271644662754,21.9523617213405,"RIC P3 abaxial_2","RIC","P3","abaxial","2","week3"
12,302.51,67.6214555828442,23.4345701642964,"RIC P3 abaxial_2","RIC","P3","abaxial","2","week3"
13,330.395,69.4599332139292,23.984537489542,"RIC P3 abaxial_2","RIC","P3","abaxial","2","week3"
14,342.541875,70.0175450585041,23.4833606666402,"RIC P3 abaxial_2","RIC","P3","abaxial","2","week3"
15,354.371875,72.3809703885628,24.9586326384163,"RIC P3 abaxial_2","RIC","P3","abaxial","2","week3"
16,283.391875,65.7367838740466,24.0552021572644,"RIC P3 abaxial_2","RIC","P3","abaxial","2","week3"
17,323.42375,70.1290674274191,24.832992600712,"RIC P3 abaxial_2","RIC","P3","abaxial","2","week3"
18,367.575,73.0580302527855,23.5923269333507,"RIC P3 abaxial_2","RIC","P3","abaxial","2","week3"
19,370.11,73.3137391362167,25.822658731098,"RIC P3 abaxial_2","RIC","P3","abaxial","2","week3"
1,215.369375,60.9964032818179,24.438746208576,"RIC P3 adaxial_1","RIC","P3","adaxial","1","week3"
2,260.47125,63.0252615051316,23.0798307728717,"RIC P3 adaxial_1","RIC","P3","adaxial","1","week3"
3,207.341875,55.290589796334,20.8846814215395,"RIC P3 adaxial_1","RIC","P3","adaxial","1","week3"
4,243.888125,62.2964032818179,24.299131174925,"RIC P3 adaxial_1","RIC","P3","adaxial","1","week3"
5,303.98875,65.7367838740466,22.6574043798989,"RIC P3 adaxial_1","RIC","P3","adaxial","1","week3"
6,287.405625,66.3541197284454,23.5102388382358,"RIC P3 adaxial_1","RIC","P3","adaxial","1","week3"
7,244.733125,60.2906420973604,21.5257673790166,"RIC P3 adaxial_1","RIC","P3","adaxial","1","week3"
8,235.755,59.8214555828442,21.5472858439313,"RIC P3 adaxial_1","RIC","P3","adaxial","1","week3"
9,246.3175,61.1079256507328,22.8281420609495,"RIC P3 adaxial_1","RIC","P3","adaxial","1","week3"
10,219.383125,60.0771644662754,23.8109835420168,"RIC P3 adaxial_1","RIC","P3","adaxial","1","week3"
11,338.528125,77.450313806158,30.0113129786059,"RIC P3 adaxial_1","RIC","P3","adaxial","1","week3"
12,261.421875,61.9809703885628,22.0532563737113,"RIC P3 adaxial_1","RIC","P3","adaxial","1","week3"
13,271.87875,64.7060226895891,24.2528464628982,"RIC P3 adaxial_1","RIC","P3","adaxial","1","week3"
1,306.840625,65.0214555828442,20.2204198245994,"RIC P3 adaxial_2","RIC","P3","adaxial","2","week3"
2,271.561875,62.5791720294717,21.8150087668703,"RIC P3 adaxial_2","RIC","P3","adaxial","2","week3"
3,264.9075,64.8964032818179,24.4451424851408,"RIC P3 adaxial_2","RIC","P3","adaxial","2","week3"
4,214.63,56.8271644662754,21.1657487348168,"RIC P3 adaxial_2","RIC","P3","adaxial","2","week3"
5,224.241875,57.0175450585041,20.4967301955203,"RIC P3 adaxial_2","RIC","P3","adaxial","2","week3"
6,227.410625,58.5079256507329,21.7690525160762,"RIC P3 adaxial_2","RIC","P3","adaxial","2","week3"
7,292.58125,64.5618361750729,22.3907158524422,"RIC P3 adaxial_2","RIC","P3","adaxial","2","week3"
8,278.744375,67.8445003206741,25.2732557831176,"RIC P3 adaxial_2","RIC","P3","adaxial","2","week3"
9,189.385625,56.9848809129029,23.0394431980453,"RIC P3 adaxial_2","RIC","P3","adaxial","2","week3"
10,239.76875,62.3425973595304,23.1346377828236,"RIC P3 adaxial_2","RIC","P3","adaxial","2","week3"
1,356.59,73.438791437243,26.8459277403954,"ROP P1 abaxial_1","ROP","P1","abaxial","1","week3"
2,337.260625,72.2367838740466,26.9527283429996,"ROP P1 abaxial_1","ROP","P1","abaxial","1","week3"
3,306.735,69.6041197284454,25.9845066651819,"ROP P1 abaxial_1","ROP","P1","abaxial","1","week3"
4,361.976875,72.8867838740466,25.7879214379393,"ROP P1 abaxial_1","ROP","P1","abaxial","1","week3"
5,194.666875,53.7213509807915,19.0822021322802,"ROP P1 abaxial_1","ROP","P1","abaxial","1","week3"
6,193.188125,51.8175450585041,17.4694154975615,"ROP P1 abaxial_1","ROP","P1","abaxial","1","week3"
7,237.761875,63.0579256507328,24.8473377229036,"ROP P1 abaxial_1","ROP","P1","abaxial","1","week3"
8,350.2525,70.4253661071843,22.9512343058845,"ROP P1 abaxial_1","ROP","P1","abaxial","1","week3"
9,216.95375,54.9424927574778,18.6777094766181,"ROP P1 abaxial_1","ROP","P1","abaxial","1","week3"
10,282.546875,64.5156420973604,23.4484501275154,"ROP P1 abaxial_1","ROP","P1","abaxial","1","week3"
1,249.06375,63.4713509807915,22.9836953111142,"ROP P1 abaxial_2","ROP","P1","abaxial","2","week3"
2,376.65875,74.738791437243,26.9897656355647,"ROP P1 abaxial_2","ROP","P1","abaxial","2","week3"
3,291.31375,64.450313806158,22.2857738339387,"ROP P1 abaxial_2","ROP","P1","abaxial","2","week3"
4,220.33375,57.4771644662754,20.6210545091814,"ROP P1 abaxial_2","ROP","P1","abaxial","2","week3"
5,240.19125,65.0867838740466,25.5549494140298,"ROP P1 abaxial_2","ROP","P1","abaxial","2","week3"
6,506.471875,84.4561272916418,27.8379806628859,"ROP P1 abaxial_2","ROP","P1","abaxial","2","week3"
7,280.011875,67.8445003206741,26.2160241486345,"ROP P1 abaxial_2","ROP","P1","abaxial","2","week3"
8,317.2975,67.1945003206742,22.0495657263934,"ROP P1 abaxial_2","ROP","P1","abaxial","2","week3"
9,304.728125,70.1099332139292,25.9841579008682,"ROP P1 abaxial_2","ROP","P1","abaxial","2","week3"
10,248.746875,63.8329779517592,22.6352778607692,"ROP P1 abaxial_2","ROP","P1","abaxial","2","week3"
11,308.319375,67.1156420973604,22.5894362034525,"ROP P1 abaxial_2","ROP","P1","abaxial","2","week3"
12,320.46625,68.2905897963341,23.2013570757976,"ROP P1 abaxial_2","ROP","P1","abaxial","2","week3"
13,294.376875,68.2252615051316,25.5259989803322,"ROP P1 abaxial_2","ROP","P1","abaxial","2","week3"
14,259.098125,66.2752615051316,25.9397119030077,"ROP P1 abaxial_2","ROP","P1","abaxial","2","week3"
1,595.3025,94.0484108450143,30.7649648251631,"ROP P1 adaxial_1","ROP","P1","adaxial","1","week3"
2,235.649375,59.8867838740466,21.5157911675463,"ROP P1 adaxial_1","ROP","P1","adaxial","1","week3"
3,360.18125,73.2022167673017,27.1425828625182,"ROP P1 adaxial_1","ROP","P1","adaxial","1","week3"
4,169.4225,50.4713509807915,18.4453555516768,"ROP P1 adaxial_1","ROP","P1","adaxial","1","week3"
5,311.805,68.3041197284454,25.2922834728236,"ROP P1 adaxial_1","ROP","P1","adaxial","1","week3"
6,403.804375,78.750313806158,28.7472919716316,"ROP P1 adaxial_1","ROP","P1","adaxial","1","week3"
7,354.4775,72.9329779517592,25.8118838504481,"ROP P1 adaxial_1","ROP","P1","adaxial","1","week3"
8,342.119375,74.7579256507328,26.9755150046412,"ROP P1 adaxial_1","ROP","P1","adaxial","1","week3"
9,223.185625,60.5367838740466,23.0512159301824,"ROP P1 adaxial_1","ROP","P1","adaxial","1","week3"
1,240.719375,60.3790674274191,21.7935182408528,"ROP P1 adaxial_2","ROP","P1","adaxial","2","week3"
2,291.73625,65.2771644662754,22.3020392369247,"ROP P1 adaxial_2","ROP","P1","adaxial","2","week3"
3,209.876875,56.9367054225071,20.4371609830438,"ROP P1 adaxial_2","ROP","P1","adaxial","2","week3"
4,253.71125,63.0714555828442,21.4497940162864,"ROP P1 adaxial_2","ROP","P1","adaxial","2","week3"
5,250.5425,64.6271644662754,24.449217328284,"ROP P1 adaxial_2","ROP","P1","adaxial","2","week3"
6,360.60375,75.6445003206741,24.8527252929578,"ROP P1 adaxial_2","ROP","P1","adaxial","2","week3"
7,425.563125,78.7829779517592,26.8754691136643,"ROP P1 adaxial_2","ROP","P1","adaxial","2","week3"
8,274.730625,63.9118361750729,22.3352443370231,"ROP P1 adaxial_2","ROP","P1","adaxial","2","week3"
1,169.316875,50.1559180875365,18.7026693502435,"ROP P2 abaxial_1","ROP","P2","abaxial","1","week3"
2,358.28,78.100313806158,30.0508601524014,"ROP P2 abaxial_1","ROP","P2","abaxial","1","week3"
3,265.224375,62.6445003206741,21.1730000128851,"ROP P2 abaxial_1","ROP","P2","abaxial","1","week3"
4,275.8925,66.7675450585041,25.0164672428315,"ROP P2 abaxial_1","ROP","P2","abaxial","1","week3"
5,155.374375,51.5347763108502,20.1425780278483,"ROP P2 abaxial_1","ROP","P2","abaxial","1","week3"
6,193.188125,51.5809703885628,16.5629620741689,"ROP P2 abaxial_1","ROP","P2","abaxial","1","week3"
7,341.59125,72.7425973595304,26.7010406120105,"ROP P2 abaxial_1","ROP","P2","abaxial","1","week3"
8,319.726875,66.9579256507328,22.9007697949982,"ROP P2 abaxial_1","ROP","P2","abaxial","1","week3"
9,176.499375,50.0117315730203,17.6060706689587,"ROP P2 abaxial_1","ROP","P2","abaxial","1","week3"
10,395.354375,76.2156420973604,26.5814720855719,"ROP P2 abaxial_1","ROP","P2","abaxial","1","week3"
11,339.584375,70.9829779517592,25.9551523414647,"ROP P2 abaxial_1","ROP","P2","abaxial","1","week3"
12,402.959375,76.5310749906155,26.2332120554812,"ROP P2 abaxial_1","ROP","P2","abaxial","1","week3"
13,126.3275,42.2443957186215,14.50030851407,"ROP P2 abaxial_1","ROP","P2","abaxial","1","week3"
14,360.18125,72.3618361750729,25.3825738170278,"ROP P2 abaxial_1","ROP","P2","abaxial","1","week3"
1,366.09625,72.3618361750729,25.5822637406279,"ROP P2 abaxial_2","ROP","P2","abaxial","2","week3"
2,241.775625,65.2771644662754,25.8004080779718,"ROP P2 abaxial_2","ROP","P2","abaxial","2","week3"
3,350.04125,72.0137391362167,26.2457942504479,"ROP P2 abaxial_2","ROP","P2","abaxial","2","week3"
4,387.538125,74.5348809129029,25.9147352381315,"ROP P2 abaxial_2","ROP","P2","abaxial","2","week3"
5,357.118125,76.6214817333574,29.0083363179259,"ROP P2 abaxial_2","ROP","P2","abaxial","2","week3"
6,276.52625,63.6752615051316,21.8710498107027,"ROP P2 abaxial_2","ROP","P2","abaxial","2","week3"
7,270.294375,61.140589796334,20.3392796955678,"ROP P2 abaxial_2","ROP","P2","abaxial","2","week3"
8,149.881875,47.1078471991934,16.4233432005865,"ROP P2 abaxial_2","ROP","P2","abaxial","2","week3"
9,379.933125,75.1195526217005,26.3036429060904,"ROP P2 abaxial_2","ROP","P2","abaxial","2","week3"
10,164.775,48.2194480196478,16.5943799264019,"ROP P2 abaxial_2","ROP","P2","abaxial","2","week3"
11,459.785625,83.4253661071843,30.0481977677076,"ROP P2 abaxial_2","ROP","P2","abaxial","2","week3"
12,335.781875,71.4561272916418,25.032001665139,"ROP P2 abaxial_2","ROP","P2","abaxial","2","week3"
13,334.1975,68.5271644662754,22.1871621647106,"ROP P2 abaxial_2","ROP","P2","abaxial","2","week3"
14,422.28875,84.7580302527855,31.3987352722407,"ROP P2 abaxial_2","ROP","P2","abaxial","2","week3"
15,182.836875,51.8040151263927,19.4112906404525,"ROP P2 abaxial_2","ROP","P2","abaxial","2","week3"
1,288.461875,67.8445003206741,25.787754885684,"ROP P2 adaxial_1","ROP","P2","adaxial","1","week3"
2,335.8875,72.5522167673017,27.3512663486726,"ROP P2 adaxial_1","ROP","P2","adaxial","1","week3"
3,374.651875,73.8522167673017,26.7029853863022,"ROP P2 adaxial_1","ROP","P2","adaxial","1","week3"
4,327.120625,67.9886868351903,23.579880044164,"ROP P2 adaxial_1","ROP","P2","adaxial","1","week3"
5,359.125,72.1714555828442,25.8893825475151,"ROP P2 adaxial_1","ROP","P2","adaxial","1","week3"
6,419.75375,80.3522167673017,29.4206331998868,"ROP P2 adaxial_1","ROP","P2","adaxial","1","week3"
7,247.479375,63.1367838740466,24.2364409996438,"ROP P2 adaxial_1","ROP","P2","adaxial","1","week3"
8,372.750625,75.5329779517592,27.736622298897,"ROP P2 adaxial_1","ROP","P2","adaxial","1","week3"
9,299.235625,68.3041197284454,25.8669312041624,"ROP P2 adaxial_1","ROP","P2","adaxial","1","week3"
1,193.188125,58.5079256507328,22.35389631342,"ROP P2 adaxial_2","ROP","P2","adaxial","2","week3"
2,341.8025,70.3656420973604,24.5879117722424,"ROP P2 adaxial_2","ROP","P2","adaxial","2","week3"
3,272.72375,64.8637391362167,24.2739084262328,"ROP P2 adaxial_2","ROP","P2","adaxial","2","week3"
4,315.81875,66.7675450585041,20.6636102968071,"ROP P2 adaxial_2","ROP","P2","adaxial","2","week3"
5,304.6225,66.8464032818179,24.638710513842,"ROP P2 adaxial_2","ROP","P2","adaxial","2","week3"
6,298.179375,66.1964032818179,23.8963458278972,"ROP P2 adaxial_2","ROP","P2","adaxial","2","week3"
7,382.785,74.9618361750729,25.8559928703341,"ROP P2 adaxial_2","ROP","P2","adaxial","2","week3"
8,337.36625,68.8099332139292,22.1157843587108,"ROP P2 adaxial_2","ROP","P2","adaxial","2","week3"
9,289.940625,66.3983323934747,23.662027422788,"ROP P2 adaxial_2","ROP","P2","adaxial","2","week3"
10,226.988125,60.1098286118766,21.7200395063985,"ROP P2 adaxial_2","ROP","P2","adaxial","2","week3"
11,220.650625,57.7328733497065,20.9238230582883,"ROP P2 adaxial_2","ROP","P2","adaxial","2","week3"
12,244.83875,60.0771644662754,21.4515617250293,"ROP P2 adaxial_2","ROP","P2","adaxial","2","week3"
1,359.019375,79.0984108450142,30.7970700407616,"ROP P3 abaxial_1","ROP","P3","abaxial","1","week3"
2,314.55125,68.8425973595304,24.9543565928641,"ROP P3 abaxial_1","ROP","P3","abaxial","1","week3"
3,326.38125,73.5829779517592,28.73760052735,"ROP P3 abaxial_1","ROP","P3","abaxial","1","week3"
4,290.89125,65.2309703885628,22.8668947328111,"ROP P3 abaxial_1","ROP","P3","abaxial","1","week3"
5,314.12875,68.8752615051316,24.5412110023866,"ROP P3 abaxial_1","ROP","P3","abaxial","1","week3"
6,462.531875,81.6522167673017,28.533714901897,"ROP P3 abaxial_1","ROP","P3","abaxial","1","week3"
7,379.088125,75.7695526217005,28.5209502192673,"ROP P3 abaxial_1","ROP","P3","abaxial","1","week3"
8,352.259375,73.7733585439879,27.635077747836,"ROP P3 abaxial_1","ROP","P3","abaxial","1","week3"
9,394.931875,79.0848809129029,29.9783141664466,"ROP P3 abaxial_1","ROP","P3","abaxial","1","week3"
10,291.9475,65.2445003206741,23.3563315990842,"ROP P3 abaxial_1","ROP","P3","abaxial","1","week3"
11,503.62,84.6791720294717,27.7926045662947,"ROP P3 abaxial_1","ROP","P3","abaxial","1","week3"
1,329.444375,70.2541197284454,25.0490634712658,"ROP P3 abaxial_2","ROP","P3","abaxial","2","week3"
2,432.323125,81.238791437243,30.3143333250972,"ROP P3 abaxial_2","ROP","P3","abaxial","2","week3"
3,289.940625,63.8329779517592,22.0424117300561,"ROP P3 abaxial_2","ROP","P3","abaxial","2","week3"
4,280.434375,64.1579779517592,22.1378868959748,"ROP P3 abaxial_2","ROP","P3","abaxial","2","week3"
5,409.719375,80.0829779517592,28.2064909137459,"ROP P3 abaxial_2","ROP","P3","abaxial","2","week3"
6,362.0825,74.8829779517592,27.5532590998867,"ROP P3 abaxial_2","ROP","P3","abaxial","2","week3"
7,277.899375,66.5445003206742,25.2649192496016,"ROP P3 abaxial_2","ROP","P3","abaxial","2","week3"
8,301.981875,68.9867838740466,26.7248005268058,"ROP P3 abaxial_2","ROP","P3","abaxial","2","week3"
9,442.3575,78.0214555828442,24.7848037566574,"ROP P3 abaxial_2","ROP","P3","abaxial","2","week3"
10,357.540625,74.3445003206741,28.2279771295255,"ROP P3 abaxial_2","ROP","P3","abaxial","2","week3"
11,343.70375,74.5348809129029,28.2042959717377,"ROP P3 abaxial_2","ROP","P3","abaxial","2","week3"
12,315.185,70.8714555828442,27.0335670358826,"ROP P3 abaxial_2","ROP","P3","abaxial","2","week3"
1,306.840625,67.5425973595304,24.641651340722,"ROP P3 adaxial_1","ROP","P3","adaxial","1","week3"
2,223.08,60.5367838740466,23.4711602158762,"ROP P3 adaxial_1","ROP","P3","adaxial","1","week3"
3,264.168125,64.3579256507328,24.3359192652383,"ROP P3 adaxial_1","ROP","P3","adaxial","1","week3"
4,308.741875,68.5195787722136,24.1694384152526,"ROP P3 adaxial_1","ROP","P3","adaxial","1","week3"
5,369.581875,77.7195526217005,27.8989187267555,"ROP P3 adaxial_1","ROP","P3","adaxial","1","week3"
6,398.100625,80.0041197284454,29.6671256135791,"ROP P3 adaxial_1","ROP","P3","adaxial","1","week3"
7,279.378125,66.2290674274191,24.0266355655519,"ROP P3 adaxial_1","ROP","P3","adaxial","1","week3"
8,252.02125,62.6771644662754,23.744604883311,"ROP P3 adaxial_1","ROP","P3","adaxial","1","week3"
9,224.77,60.1098286118766,22.7341363939917,"ROP P3 adaxial_1","ROP","P3","adaxial","1","week3"
10,191.920625,55.0213509807915,20.8507666317918,"ROP P3 adaxial_1","ROP","P3","adaxial","1","week3"
1,363.033125,75.500313806158,27.7728798485019,"ROP P3 adaxial_2","ROP","P3","adaxial","2","week3"
2,370.004375,71.7906943983867,23.7575222751259,"ROP P3 adaxial_2","ROP","P3","adaxial","2","week3"
3,344.3375,71.0618361750729,25.5267793580234,"ROP P3 adaxial_2","ROP","P3","adaxial","2","week3"
4,211.778125,55.3694480196478,20.7177525640925,"ROP P3 adaxial_2","ROP","P3","adaxial","2","week3"
5,337.36625,72.1714555828442,27.1029746655186,"ROP P3 adaxial_2","ROP","P3","adaxial","2","week3"
6,363.244375,74.8829779517592,28.4232138484394,"ROP P3 adaxial_2","ROP","P3","adaxial","2","week3"
7,361.131875,75.2637391362167,28.0845333483935,"ROP P3 adaxial_2","ROP","P3","adaxial","2","week3"
8,316.346875,68.1137391362167,24.8712668440419,"ROP P3 adaxial_2","ROP","P3","adaxial","2","week3"
9,291.419375,66.6098286118766,24.5343048599302,"ROP P3 adaxial_2","ROP","P3","adaxial","2","week3"
10,316.558125,70.4906943983867,25.805096882396,"ROP P3 adaxial_2","ROP","P3","adaxial","2","week3"
1,317.50875,70.6022167673017,26.8035022397035,"Col-0 P1 abaxial_2","Col-0","P1","abaxial","2","week5"
2,366.51875,78.5137391362167,31.3556203777329,"Col-0 P1 abaxial_2","Col-0","P1","abaxial","2","week5"
3,219.805625,57.2079256507328,21.292642050123,"Col-0 P1 abaxial_2","Col-0","P1","abaxial","2","week5"
4,389.545,78.4810749906154,29.8595319743658,"Col-0 P1 abaxial_2","Col-0","P1","abaxial","2","week5"
5,303.883125,66.5445003206741,23.9294157994769,"Col-0 P1 abaxial_2","Col-0","P1","abaxial","2","week5"
6,318.9875,70.9829779517592,27.6719681790689,"Col-0 P1 abaxial_2","Col-0","P1","abaxial","2","week5"
7,423.028125,81.9349855149555,30.147690013056,"Col-0 P1 abaxial_2","Col-0","P1","abaxial","2","week5"
8,403.804375,80.7791720294717,30.6976437735452,"Col-0 P1 abaxial_2","Col-0","P1","abaxial","2","week5"
9,333.3525,81.3041197284454,34.0969725128196,"Col-0 P1 abaxial_2","Col-0","P1","abaxial","2","week5"
10,398.84,81.127269068328,31.3932999187603,"Col-0 P1 abaxial_2","Col-0","P1","abaxial","2","week5"
11,245.26125,65.0079256507328,26.2746709262835,"Col-0 P1 abaxial_2","Col-0","P1","abaxial","2","week5"
12,268.604375,68.5733585439879,26.346002388653,"Col-0 P1 abaxial_2","Col-0","P1","abaxial","2","week5"
13,344.865625,73.3599332139292,27.165812143425,"Col-0 P1 abaxial_2","Col-0","P1","abaxial","2","week5"
1,320.46625,70.7137391362167,25.8908203158,"Col-0 P1 adaxial_1","Col-0","P1","adaxial","1","week5"
2,259.520625,65.7367838740466,25.9506507158068,"Col-0 P1 adaxial_1","Col-0","P1","adaxial","1","week5"
3,289.729375,72.565746699413,29.1411525753344,"Col-0 P1 adaxial_1","Col-0","P1","adaxial","1","week5"
4,270.083125,67.9560226895891,26.8794321160476,"Col-0 P1 adaxial_1","Col-0","P1","adaxial","1","week5"
5,289.62375,69.1771644662754,27.1027965394149,"Col-0 P1 adaxial_1","Col-0","P1","adaxial","1","week5"
6,265.435625,66.1964032818179,25.7858091128907,"Col-0 P1 adaxial_1","Col-0","P1","adaxial","1","week5"
1,220.861875,61.4098286118766,24.5875272456112,"Col-0 P1 adaxial_2","Col-0","P1","adaxial","2","week5"
2,348.5625,75.8022167673017,29.660311114925,"Col-0 P1 adaxial_2","Col-0","P1","adaxial","2","week5"
3,212.5175,60.6483062429616,23.5201807567829,"Col-0 P1 adaxial_2","Col-0","P1","adaxial","2","week5"
4,232.058125,65.8945003206741,26.6218397333505,"Col-0 P1 adaxial_2","Col-0","P1","adaxial","2","week5"
5,400.53,84.2848809129029,34.7135825993811,"Col-0 P1 adaxial_2","Col-0","P1","adaxial","2","week5"
6,349.301875,80.050313806158,32.0214807248585,"Col-0 P1 adaxial_2","Col-0","P1","adaxial","2","week5"
1,335.993125,72.6310749906155,27.5445531589167,"Col-0 P2 abaxial_1","Col-0","P2","abaxial","1","week5"
2,391.02375,79.0984108450142,29.533075573808,"Col-0 P2 abaxial_1","Col-0","P2","abaxial","1","week5"
3,395.143125,81.4291720294717,31.7069290462,"Col-0 P2 abaxial_1","Col-0","P2","abaxial","1","week5"
4,326.486875,69.5714555828442,25.9646194498236,"Col-0 P2 abaxial_1","Col-0","P2","abaxial","1","week5"
5,244.521875,62.0271644662754,23.8588460097141,"Col-0 P2 abaxial_1","Col-0","P2","abaxial","1","week5"
6,320.255,71.4752615051316,27.3713044844258,"Col-0 P2 abaxial_1","Col-0","P2","abaxial","1","week5"
7,407.29,79.3676496605568,28.0363432313406,"Col-0 P2 abaxial_1","Col-0","P2","abaxial","1","week5"
8,415.52875,83.2214555828442,32.3435642708615,"Col-0 P2 abaxial_1","Col-0","P2","abaxial","1","week5"
9,264.9075,71.3310749906154,29.8434845728874,"Col-0 P2 abaxial_1","Col-0","P2","abaxial","1","week5"
10,237.0225,62.3290674274191,24.2148055262127,"Col-0 P2 abaxial_1","Col-0","P2","abaxial","1","week5"
1,275.998125,70.838791437243,29.0139807873895,"Col-0 P2 abaxial_2","Col-0","P2","abaxial","2","week5"
2,250.859375,71.4425973595304,30.2662441184184,"Col-0 P2 abaxial_2","Col-0","P2","abaxial","2","week5"
3,339.373125,80.8906943983867,33.836949692442,"Col-0 P2 abaxial_2","Col-0","P2","abaxial","2","week5"
4,229.4175,65.040589796334,27.3486028532237,"Col-0 P2 abaxial_2","Col-0","P2","abaxial","2","week5"
5,238.395625,67.213634534164,29.0855818335434,"Col-0 P2 abaxial_2","Col-0","P2","abaxial","2","week5"
6,247.479375,67.9098286118766,28.7416457399621,"Col-0 P2 abaxial_2","Col-0","P2","abaxial","2","week5"
7,241.2475,66.6098286118766,27.7411217996235,"Col-0 P2 abaxial_2","Col-0","P2","abaxial","2","week5"
8,362.610625,74.3118361750729,27.6720690177631,"Col-0 P2 abaxial_2","Col-0","P2","abaxial","2","week5"
9,400.1075,79.5580302527855,29.9947994079489,"Col-0 P2 abaxial_2","Col-0","P2","abaxial","2","week5"
10,310.431875,69.6041197284454,27.3204116650986,"Col-0 P2 abaxial_2","Col-0","P2","abaxial","2","week5"
1,282.6525,65.8945003206741,24.4956344437786,"Col-0 P2 adaxial_1","Col-0","P2","adaxial","1","week5"
2,228.678125,61.1867838740466,23.5726317757859,"Col-0 P2 adaxial_1","Col-0","P2","adaxial","1","week5"
3,300.18625,72.1252615051316,28.1868207816796,"Col-0 P2 adaxial_1","Col-0","P2","adaxial","1","week5"
4,297.756875,71.0618361750729,28.7332185975127,"Col-0 P2 adaxial_1","Col-0","P2","adaxial","1","week5"
5,393.875625,84.7906943983867,32.9094770589894,"Col-0 P2 adaxial_1","Col-0","P2","adaxial","1","week5"
6,161.18375,53.5445003206742,22.098471187892,"Col-0 P2 adaxial_1","Col-0","P2","adaxial","1","week5"
7,271.139375,66.4329779517592,25.4093866556379,"Col-0 P2 adaxial_1","Col-0","P2","adaxial","1","week5"
1,410.564375,80.3195526217005,30.3846192188824,"Col-0 P2 adaxial_2","Col-0","P2","adaxial","2","week5"
2,277.899375,67.0367838740466,25.5262794168553,"Col-0 P2 adaxial_2","Col-0","P2","adaxial","2","week5"
3,286.0325,68.9214555828442,25.7589693724691,"Col-0 P2 adaxial_2","Col-0","P2","adaxial","2","week5"
4,277.5825,68.5406943983867,25.7344437590062,"Col-0 P2 adaxial_2","Col-0","P2","adaxial","2","week5"
5,179.14,57.0502092041053,23.1291141475929,"Col-0 P2 adaxial_2","Col-0","P2","adaxial","2","week5"
6,289.518125,77.0157728499262,31.9674800502667,"Col-0 P2 adaxial_2","Col-0","P2","adaxial","2","week5"
7,393.13625,76.2945003206741,27.3233220351999,"Col-0 P2 adaxial_2","Col-0","P2","adaxial","2","week5"
8,349.090625,74.3118361750729,28.6709083739937,"Col-0 P2 adaxial_2","Col-0","P2","adaxial","2","week5"
9,264.485,68.350313806158,27.4530255018009,"Col-0 P2 adaxial_2","Col-0","P2","adaxial","2","week5"
1,368.103125,79.0195526217005,30.8403242721487,"Col-0 P3 abaxial_1","Col-0","P3","abaxial","1","week5"
2,336.94375,74.3906943983867,29.1340837604517,"Col-0 P3 abaxial_1","Col-0","P3","abaxial","1","week5"
3,390.39,79.400313806158,30.3487805597187,"Col-0 P3 abaxial_1","Col-0","P3","abaxial","1","week5"
4,372.750625,75.7695526217005,27.5208674190872,"Col-0 P3 abaxial_1","Col-0","P3","abaxial","1","week5"
5,398.100625,78.8427019615831,29.4517288602209,"Col-0 P3 abaxial_1","Col-0","P3","abaxial","1","week5"
6,398.62875,82.1253661071843,31.1587813397108,"Col-0 P3 abaxial_1","Col-0","P3","abaxial","1","week5"
7,366.94125,75.4214555828442,28.4163213821674,"Col-0 P3 abaxial_1","Col-0","P3","abaxial","1","week5"
8,490.73375,90.3061272916418,35.3966314823481,"Col-0 P3 abaxial_1","Col-0","P3","abaxial","1","week5"
1,275.364375,67.3848809129029,26.3283068807416,"Col-0 P3 abaxial_2","Col-0","P3","abaxial","2","week5"
2,252.126875,63.0252615051316,23.5876131013027,"Col-0 P3 abaxial_2","Col-0","P3","abaxial","2","week5"
3,330.078125,76.9906943983867,31.5688841929858,"Col-0 P3 abaxial_2","Col-0","P3","abaxial","2","week5"
4,409.719375,80.6676496605567,30.297924885475,"Col-0 P3 abaxial_2","Col-0","P3","abaxial","2","week5"
5,349.724375,75.0406943983867,28.8545555382347,"Col-0 P3 abaxial_2","Col-0","P3","abaxial","2","week5"
6,296.80625,70.9829779517592,27.8116283828341,"Col-0 P3 abaxial_2","Col-0","P3","abaxial","2","week5"
7,164.56375,55.7310749906155,23.7373648499251,"Col-0 P3 abaxial_2","Col-0","P3","abaxial","2","week5"
8,225.931875,59.2367838740466,22.8718995469305,"Col-0 P3 abaxial_2","Col-0","P3","abaxial","2","week5"
9,309.90375,71.1733585439879,27.625939908455,"Col-0 P3 abaxial_2","Col-0","P3","abaxial","2","week5"
10,175.97125,58.7445003206741,24.1811602963473,"Col-0 P3 abaxial_2","Col-0","P3","abaxial","2","week5"
1,293.320625,74.9427019615831,31.3679193236131,"Col-0 P3 adaxial_1","Col-0","P3","adaxial","1","week5"
2,234.381875,66.3676496605568,27.9902045670675,"Col-0 P3 adaxial_1","Col-0","P3","adaxial","1","week5"
3,272.5125,68.0348809129029,26.3575182041046,"Col-0 P3 adaxial_1","Col-0","P3","adaxial","1","week5"
4,225.82625,70.1943957186215,30.5791492406702,"Col-0 P3 adaxial_1","Col-0","P3","adaxial","1","week5"
5,125.376875,46.3809703885628,18.4692970942193,"Col-0 P3 adaxial_1","Col-0","P3","adaxial","1","week5"
6,302.404375,74.5484108450142,29.7246604241654,"Col-0 P3 adaxial_1","Col-0","P3","adaxial","1","week5"
7,309.586875,75.8484108450142,30.0860360157954,"Col-0 P3 adaxial_1","Col-0","P3","adaxial","1","week5"
8,280.75125,73.5176496605568,29.8311889004913,"Col-0 P3 adaxial_1","Col-0","P3","adaxial","1","week5"
1,334.303125,76.2618361750729,29.8731689242676,"Col-0 P3 adaxial_2","Col-0","P3","adaxial","2","week5"
2,296.489375,68.0022167673017,25.48509162772,"Col-0 P3 adaxial_2","Col-0","P3","adaxial","2","week5"
3,262.16125,66.3079256507328,26.1407889526274,"Col-0 P3 adaxial_2","Col-0","P3","adaxial","2","week5"
4,297.334375,70.1425973595304,27.2064495612883,"Col-0 P3 adaxial_2","Col-0","P3","adaxial","2","week5"
5,256.035,66.2752615051316,25.2358690826634,"Col-0 P3 adaxial_2","Col-0","P3","adaxial","2","week5"
1,394.82625,75.1848809129029,25.5221709486058,"RIC P1 abaxial_1","RIC","P1","abaxial","1","week5"
2,588.75375,91.3695526217005,30.282833387995,"RIC P1 abaxial_1","RIC","P1","abaxial","1","week5"
3,399.368125,74.3580302527855,23.4675992355955,"RIC P1 abaxial_1","RIC","P1","abaxial","1","week5"
4,372.645,76.2291720294717,28.423708587317,"RIC P1 abaxial_1","RIC","P1","abaxial","1","week5"
5,345.605,69.5714555828442,23.2830186849486,"RIC P1 abaxial_1","RIC","P1","abaxial","1","week5"
6,443.096875,80.0176496605568,27.1684035637368,"RIC P1 abaxial_1","RIC","P1","abaxial","1","week5"
7,741.170625,102.019657223753,34.1225695022493,"RIC P1 abaxial_1","RIC","P1","abaxial","1","week5"
8,414.789375,77.6733585439879,28.0400201810633,"RIC P1 abaxial_1","RIC","P1","abaxial","1","week5"
1,306.3125,66.9714555828442,23.5018472370827,"RIC P1 abaxial_2","RIC","P1","abaxial","2","week5"
2,179.35125,49.4732539419353,15.9981195384402,"RIC P1 abaxial_2","RIC","P1","abaxial","2","week5"
3,420.070625,76.4522167673017,25.5146354138889,"RIC P1 abaxial_2","RIC","P1","abaxial","2","week5"
4,523.4775,87.200313806158,30.3394334675872,"RIC P1 abaxial_2","RIC","P1","abaxial","2","week5"
5,366.51875,75.0522429178149,27.1122315952535,"RIC P1 abaxial_2","RIC","P1","abaxial","2","week5"
6,315.185,69.0656420973604,25.3566506239235,"RIC P1 abaxial_2","RIC","P1","abaxial","2","week5"
7,356.484375,77.7984108450142,29.7200007100843,"RIC P1 abaxial_2","RIC","P1","abaxial","2","week5"
8,407.7125,77.004224330498,27.297400839033,"RIC P1 abaxial_2","RIC","P1","abaxial","2","week5"
9,428.8375,78.0214555828442,27.0066878249737,"RIC P1 abaxial_2","RIC","P1","abaxial","2","week5"
10,329.233125,69.7156420973604,25.0192506558786,"RIC P1 abaxial_2","RIC","P1","abaxial","2","week5"
11,373.27875,74.6137391362167,26.8525619487552,"RIC P1 abaxial_2","RIC","P1","abaxial","2","week5"
1,363.56125,73.9175450585041,26.2638177299887,"RIC P1 adaxial_1","RIC","P1","adaxial","1","week5"
2,368.525625,75.2964032818179,28.881821586435,"RIC P1 adaxial_1","RIC","P1","adaxial","1","week5"
3,403.593125,79.9061272916418,30.1152411007995,"RIC P1 adaxial_1","RIC","P1","adaxial","1","week5"
4,265.013125,65.6252615051316,25.3406946950874,"RIC P1 adaxial_1","RIC","P1","adaxial","1","week5"
5,305.67875,67.3848809129029,24.7694024520643,"RIC P1 adaxial_1","RIC","P1","adaxial","1","week5"
6,436.125625,80.6214555828442,29.2173708189155,"RIC P1 adaxial_1","RIC","P1","adaxial","1","week5"
7,450.385,79.8137391362167,26.2674271833843,"RIC P1 adaxial_1","RIC","P1","adaxial","1","week5"
8,296.066875,68.3829779517592,26.3306813529956,"RIC P1 adaxial_1","RIC","P1","adaxial","1","week5"
9,417.21875,80.5752615051316,31.1826723183407,"RIC P1 adaxial_1","RIC","P1","adaxial","1","week5"
10,517.77375,85.6446049227268,29.015128690109,"RIC P1 adaxial_1","RIC","P1","adaxial","1","week5"
1,422.9225,82.9195526217005,32.4386272135042,"RIC P1 adaxial_2","RIC","P1","adaxial","2","week5"
2,578.719375,90.6406943983867,28.8101150134778,"RIC P1 adaxial_2","RIC","P1","adaxial","2","week5"
3,438.238125,81.4618361750729,30.5630715656961,"RIC P1 adaxial_2","RIC","P1","adaxial","2","week5"
4,306.10125,68.6060226895891,26.0599118072452,"RIC P1 adaxial_2","RIC","P1","adaxial","2","week5"
5,464.433125,84.4099332139292,28.3121554056239,"RIC P1 adaxial_2","RIC","P1","adaxial","2","week5"
6,547.665625,90.1810749906154,31.1234073534386,"RIC P1 adaxial_2","RIC","P1","adaxial","2","week5"
7,423.028125,77.4041197284454,25.0472563953445,"RIC P1 adaxial_2","RIC","P1","adaxial","2","week5"
8,368.8425,73.7406943983867,26.4211376733634,"RIC P1 adaxial_2","RIC","P1","adaxial","2","week5"
1,425.88,81.2714555828442,30.664361981794,"RIC P2 abaxial_1","RIC","P2","abaxial","1","week5"
2,314.55125,68.2252615051316,25.0320066734639,"RIC P2 abaxial_1","RIC","P2","abaxial","1","week5"
3,314.234375,74.2887391362167,26.3977820761217,"RIC P2 abaxial_1","RIC","P2","abaxial","1","week5"
4,337.36625,71.7118361750729,23.844543621702,"RIC P2 abaxial_1","RIC","P2","abaxial","1","week5"
5,349.935625,71.2060226895891,25.0363644402572,"RIC P2 abaxial_1","RIC","P2","abaxial","1","week5"
6,303.56625,67.2733585439879,22.5148014459524,"RIC P2 abaxial_1","RIC","P2","abaxial","1","week5"
7,483.234375,82.9195526217005,28.8035253610599,"RIC P2 abaxial_1","RIC","P2","abaxial","1","week5"
8,327.22625,67.9695526217005,22.6340461287566,"RIC P2 abaxial_1","RIC","P2","abaxial","1","week5"
9,520.0975,86.438791437243,27.6147742636135,"RIC P2 abaxial_1","RIC","P2","abaxial","1","week5"
10,295.433125,66.0060226895891,22.7810987043802,"RIC P2 abaxial_1","RIC","P2","abaxial","1","week5"
11,154.00125,46.3347763108502,15.1072935422991,"RIC P2 abaxial_1","RIC","P2","abaxial","1","week5"
12,303.7775,66.6560226895891,23.2836222129181,"RIC P2 abaxial_1","RIC","P2","abaxial","1","week5"
13,551.256875,92.9061272916418,33.9695826693297,"RIC P2 abaxial_1","RIC","P2","abaxial","1","week5"
14,295.644375,64.2464032818179,20.5817786599947,"RIC P2 abaxial_1","RIC","P2","abaxial","1","week5"
1,355.53375,71.6656420973604,22.1194142270821,"RIC P2 abaxial_2","RIC","P2","abaxial","2","week5"
2,223.819375,57.7790674274191,21.2679329426689,"RIC P2 abaxial_2","RIC","P2","abaxial","2","week5"
3,303.883125,66.6560226895891,24.2591753327206,"RIC P2 abaxial_2","RIC","P2","abaxial","2","week5"
4,240.19125,57.3983062429616,18.2836005105482,"RIC P2 abaxial_2","RIC","P2","abaxial","2","week5"
5,331.6625,72.9329779517592,28.3359515499877,"RIC P2 abaxial_2","RIC","P2","abaxial","2","week5"
6,244.099375,57.8579256507328,18.5448236673126,"RIC P2 abaxial_2","RIC","P2","abaxial","2","week5"
7,390.073125,78.4022167673017,29.5985857825857,"RIC P2 abaxial_2","RIC","P2","abaxial","2","week5"
8,339.90125,68.2714555828442,22.2192948504604,"RIC P2 abaxial_2","RIC","P2","abaxial","2","week5"
9,275.153125,63.6617315730203,23.0545553956286,"RIC P2 abaxial_2","RIC","P2","abaxial","2","week5"
10,256.140625,60.2675450585041,19.2096812250714,"RIC P2 abaxial_2","RIC","P2","abaxial","2","week5"
11,416.690625,80.7465078838705,29.6993558215797,"RIC P2 abaxial_2","RIC","P2","abaxial","2","week5"
12,449.856875,82.8406943983867,29.890307387086,"RIC P2 abaxial_2","RIC","P2","abaxial","2","week5"
13,252.2325,60.4810226895891,18.3604310047438,"RIC P2 abaxial_2","RIC","P2","abaxial","2","week5"
14,681.809375,98.6254707092369,33.6247796362162,"RIC P2 abaxial_2","RIC","P2","abaxial","2","week5"
15,413.6275,86.9446049227268,34.4723155235077,"RIC P2 abaxial_2","RIC","P2","abaxial","2","week5"
1,354.4775,76.9445003206742,29.6341229355519,"RIC P2 adaxial_1","RIC","P2","adaxial","1","week5"
2,335.0425,78.009907063416,29.6236806688974,"RIC P2 adaxial_1","RIC","P2","adaxial","1","week5"
3,406.23375,75.4214555828442,24.9196565488819,"RIC P2 adaxial_1","RIC","P2","adaxial","1","week5"
4,401.58625,79.7810749906155,30.505057008656,"RIC P2 adaxial_1","RIC","P2","adaxial","1","week5"
5,363.98375,72.0925973595304,24.3013878857071,"RIC P2 adaxial_1","RIC","P2","adaxial","1","week5"
6,437.07625,93.6158513014657,39.4534962225487,"RIC P2 adaxial_1","RIC","P2","adaxial","1","week5"
1,577.451875,95.0600378159819,34.6325928083948,"RIC P2 adaxial_2","RIC","P2","adaxial","2","week5"
2,663.7475,101.100418408211,37.7303917272472,"RIC P2 adaxial_2","RIC","P2","adaxial","2","week5"
3,392.925,80.8906943983867,31.4980548466333,"RIC P2 adaxial_2","RIC","P2","adaxial","2","week5"
4,447.005,83.7599332139292,29.9226188616214,"RIC P2 adaxial_2","RIC","P2","adaxial","2","week5"
5,333.246875,73.1886868351903,27.4321669901967,"RIC P2 adaxial_2","RIC","P2","adaxial","2","week5"
6,291.31375,65.9598286118766,24.7219594343677,"RIC P2 adaxial_2","RIC","P2","adaxial","2","week5"
7,622.870625,92.827269068328,29.4894040770709,"RIC P2 adaxial_2","RIC","P2","adaxial","2","week5"
1,324.163125,67.3386868351903,23.2618650428958,"RIC P3 abaxial_1","RIC","P3","abaxial","1","week5"
2,490.945,88.0733585439879,32.732657721815,"RIC P3 abaxial_1","RIC","P3","abaxial","1","week5"
3,402.114375,74.0425973595304,23.844988555623,"RIC P3 abaxial_1","RIC","P3","abaxial","1","week5"
4,220.439375,55.1559703885628,17.8915089970331,"RIC P3 abaxial_1","RIC","P3","abaxial","1","week5"
5,329.444375,68.2463771313047,21.2815636301897,"RIC P3 abaxial_1","RIC","P3","abaxial","1","week5"
6,322.684375,67.6541197284454,23.2156097633397,"RIC P3 abaxial_1","RIC","P3","abaxial","1","week5"
7,269.34375,64.7386868351903,24.3702871326159,"RIC P3 abaxial_1","RIC","P3","abaxial","1","week5"
8,342.43625,69.590589796334,23.1306931324062,"RIC P3 abaxial_1","RIC","P3","abaxial","1","week5"
9,255.40125,62.2175450585041,22.3000718904841,"RIC P3 abaxial_1","RIC","P3","abaxial","1","week5"
10,345.076875,72.2041197284454,26.603262040698,"RIC P3 abaxial_1","RIC","P3","abaxial","1","week5"
11,385.003125,75.388791437243,26.6063888000025,"RIC P3 abaxial_1","RIC","P3","abaxial","1","week5"
12,454.081875,80.2406943983867,26.7884847919108,"RIC P3 abaxial_1","RIC","P3","abaxial","1","week5"
13,499.60625,87.5484108450143,32.1647784489614,"RIC P3 abaxial_1","RIC","P3","abaxial","1","week5"
14,400.74125,78.3368884760993,28.5448688714107,"RIC P3 abaxial_1","RIC","P3","abaxial","1","week5"
15,400.213125,77.3714555828442,27.8443229896181,"RIC P3 abaxial_1","RIC","P3","abaxial","1","week5"
16,276.420625,62.1386868351903,19.781410602149,"RIC P3 abaxial_1","RIC","P3","abaxial","1","week5"
17,395.67125,75.6118361750729,25.9667108968481,"RIC P3 abaxial_1","RIC","P3","abaxial","1","week5"
18,226.565625,55.7175450585041,17.1483396872442,"RIC P3 abaxial_1","RIC","P3","abaxial","1","week5"
1,224.030625,58.3040151263927,20.6615754434651,"RIC P3 abaxial_2","RIC","P3","abaxial","2","week5"
2,494.11375,84.2984108450142,29.7674199873627,"RIC P3 abaxial_2","RIC","P3","abaxial","2","week5"
3,404.438125,74.8694480196478,24.5563283437412,"RIC P3 abaxial_2","RIC","P3","abaxial","2","week5"
4,388.91125,73.6156420973604,24.1008524064276,"RIC P3 abaxial_2","RIC","P3","abaxial","2","week5"
5,319.41,66.8137391362167,21.0800433072021,"RIC P3 abaxial_2","RIC","P3","abaxial","2","week5"
6,237.339375,57.9367838740466,18.343127268227,"RIC P3 abaxial_2","RIC","P3","abaxial","2","week5"
7,348.668125,70.188791437243,21.87752406403,"RIC P3 abaxial_2","RIC","P3","abaxial","2","week5"
8,525.484375,86.2946049227268,29.4798369153643,"RIC P3 abaxial_2","RIC","P3","abaxial","2","week5"
9,406.8675,77.7522167673017,28.2650310595245,"RIC P3 abaxial_2","RIC","P3","abaxial","2","week5"
10,443.519375,80.1618361750729,28.3997982077101,"RIC P3 abaxial_2","RIC","P3","abaxial","2","week5"
11,370.426875,74.3118361750729,27.1025261727395,"RIC P3 abaxial_2","RIC","P3","abaxial","2","week5"
12,239.240625,57.8252615051316,18.2923950188078,"RIC P3 abaxial_2","RIC","P3","abaxial","2","week5"
13,339.05625,69.7945003206741,24.0809830317542,"RIC P3 abaxial_2","RIC","P3","abaxial","2","week5"
14,667.9725,97.3446049227268,31.9036487627998,"RIC P3 abaxial_2","RIC","P3","abaxial","2","week5"
15,380.566875,77.4829779517592,29.0836616657805,"RIC P3 abaxial_2","RIC","P3","abaxial","2","week5"
16,357.963125,72.6637391362167,25.9973747365159,"RIC P3 abaxial_2","RIC","P3","abaxial","2","week5"
17,378.34875,72.5848809129029,23.4172197193449,"RIC P3 abaxial_2","RIC","P3","abaxial","2","week5"
18,389.228125,74.0425973595304,23.6026811042517,"RIC P3 abaxial_2","RIC","P3","abaxial","2","week5"
19,487.248125,85.6310749906154,30.4381288878932,"RIC P3 abaxial_2","RIC","P3","abaxial","2","week5"
1,441.829375,79.7022167673017,27.2790861520252,"RIC P3 adaxial_1","RIC","P3","adaxial","1","week5"
2,259.731875,62.3752615051316,22.4256271345943,"RIC P3 adaxial_1","RIC","P3","adaxial","1","week5"
3,323.635,71.0714032818179,26.0018617100133,"RIC P3 adaxial_1","RIC","P3","adaxial","1","week5"
4,369.370625,72.2829779517592,24.6310269165332,"RIC P3 adaxial_1","RIC","P3","adaxial","1","week5"
5,280.1175,64.7848809129029,24.482076860613,"RIC P3 adaxial_1","RIC","P3","adaxial","1","week5"
6,264.168125,67.4310749906155,26.777457322604,"RIC P3 adaxial_1","RIC","P3","adaxial","1","week5"
7,288.884375,67.1156420973604,25.6333812873015,"RIC P3 adaxial_1","RIC","P3","adaxial","1","week5"
8,350.04125,73.6618361750729,27.86704630249,"RIC P3 adaxial_1","RIC","P3","adaxial","1","week5"
1,344.97125,71.3637391362167,26.2971275365949,"RIC P3 adaxial_2","RIC","P3","adaxial","2","week5"
2,319.726875,67.6214555828442,23.4938378015902,"RIC P3 adaxial_2","RIC","P3","adaxial","2","week5"
3,407.29,79.4465078838705,30.0466117439497,"RIC P3 adaxial_2","RIC","P3","adaxial","2","week5"
4,422.9225,76.2618361750729,24.7572228319265,"RIC P3 adaxial_2","RIC","P3","adaxial","2","week5"
5,425.4575,80.2080302527855,28.7686588250711,"RIC P3 adaxial_2","RIC","P3","adaxial","2","week5"
6,458.940625,82.538791437243,29.8575777497562,"RIC P3 adaxial_2","RIC","P3","adaxial","2","week5"
1,484.501875,83.1425973595304,28.5752658007259,"ROP P1 abaxial_1","ROP","P1","abaxial","1","week5"
2,359.75875,72.9983062429616,26.0025329440828,"ROP P1 abaxial_1","ROP","P1","abaxial","1","week5"
3,390.918125,75.1060226895891,26.8807549676734,"ROP P1 abaxial_1","ROP","P1","abaxial","1","week5"
4,396.51625,76.6290674274191,26.5525021009174,"ROP P1 abaxial_1","ROP","P1","abaxial","1","week5"
5,397.5725,73.8848809129029,22.9626250896354,"ROP P1 abaxial_1","ROP","P1","abaxial","1","week5"
6,275.0475,64.8964032818179,23.9024846528518,"ROP P1 abaxial_1","ROP","P1","abaxial","1","week5"
7,519.780625,86.8984108450142,31.7444685833985,"ROP P1 abaxial_1","ROP","P1","abaxial","1","week5"
8,423.55625,83.1561272916418,31.8509275745426,"ROP P1 abaxial_1","ROP","P1","abaxial","1","week5"
9,486.403125,83.9965078838705,30.1392259747849,"ROP P1 abaxial_1","ROP","P1","abaxial","1","week5"
10,582.205,89.577269068328,29.8041048170386,"ROP P1 abaxial_1","ROP","P1","abaxial","1","week5"
11,464.53875,80.477269068328,24.7245503153895,"ROP P1 abaxial_1","ROP","P1","abaxial","1","week5"
12,428.098125,77.3714555828442,26.9355395386745,"ROP P1 abaxial_1","ROP","P1","abaxial","1","week5"
13,482.495,84.488791437243,30.5367873211522,"ROP P1 abaxial_1","ROP","P1","abaxial","1","week5"
14,463.27125,87.6483846945011,33.817452502025,"ROP P1 abaxial_1","ROP","P1","abaxial","1","week5"
1,554.214375,91.8618361750729,33.6766170199344,"ROP P1 abaxial_2","ROP","P1","abaxial","2","week5"
2,401.58625,78.0349855149556,29.3970966092258,"ROP P1 abaxial_2","ROP","P1","abaxial","2","week5"
3,509.74625,88.8484108450142,33.0970119155317,"ROP P1 abaxial_2","ROP","P1","abaxial","2","week5"
4,312.544375,66.1502092041053,22.1238329020772,"ROP P1 abaxial_2","ROP","P1","abaxial","2","week5"
5,495.38125,84.8464555828442,28.5132349711029,"ROP P1 abaxial_2","ROP","P1","abaxial","2","week5"
6,381.72875,74.525313806158,26.3033199514083,"ROP P1 abaxial_2","ROP","P1","abaxial","2","week5"
7,541.43375,87.6599332139292,29.7482810358934,"ROP P1 abaxial_2","ROP","P1","abaxial","2","week5"
8,471.29875,81.0022167673017,27.1152779689523,"ROP P1 abaxial_2","ROP","P1","abaxial","2","week5"
9,506.155,89.3868884760993,34.4473200664425,"ROP P1 abaxial_2","ROP","P1","abaxial","2","week5"
10,431.3725,78.2118361750729,26.0475980622716,"ROP P1 abaxial_2","ROP","P1","abaxial","2","week5"
11,497.07125,84.9484108450142,30.4559297874401,"ROP P1 abaxial_2","ROP","P1","abaxial","2","week5"
12,489.571875,83.188791437243,28.0944102173215,"ROP P1 abaxial_2","ROP","P1","abaxial","2","week5"
13,500.6625,91.0676496605567,34.6378450740979,"ROP P1 abaxial_2","ROP","P1","abaxial","2","week5"
1,339.373125,73.682951801246,28.1463365751378,"ROP P1 adaxial_1","ROP","P1","adaxial","1","week5"
2,320.04375,69.4464032818179,25.8858277742392,"ROP P1 adaxial_1","ROP","P1","adaxial","1","week5"
3,419.5425,78.9080302527855,28.7744109501611,"ROP P1 adaxial_1","ROP","P1","adaxial","1","week5"
4,351.9425,73.1560226895891,26.8468853295261,"ROP P1 adaxial_1","ROP","P1","adaxial","1","week5"
5,321.839375,73.3925973595304,29.1572873975274,"ROP P1 adaxial_1","ROP","P1","adaxial","1","week5"
6,381.623125,78.8291720294717,30.1381629531676,"ROP P1 adaxial_1","ROP","P1","adaxial","1","week5"
7,362.9275,74.8829779517592,27.2088351435575,"ROP P1 adaxial_1","ROP","P1","adaxial","1","week5"
8,403.170625,79.9252615051316,31.0883958488778,"ROP P1 adaxial_1","ROP","P1","adaxial","1","week5"
9,421.2325,78.527269068328,27.4134584400702,"ROP P1 adaxial_1","ROP","P1","adaxial","1","week5"
1,393.664375,79.0848809129029,29.8600777146854,"ROP P1 adaxial_2","ROP","P1","adaxial","2","week5"
2,364.511875,75.3752615051316,27.9868761689461,"ROP P1 adaxial_2","ROP","P1","adaxial","2","week5"
3,448.166875,84.4425973595304,30.7588517550692,"ROP P1 adaxial_2","ROP","P1","adaxial","2","week5"
4,372.01125,75.9599332139292,28.0329431728758,"ROP P1 adaxial_2","ROP","P1","adaxial","2","week5"
5,297.334375,68.3367838740466,25.427150989592,"ROP P1 adaxial_2","ROP","P1","adaxial","2","week5"
6,472.883125,81.5868884760993,28.0041746898131,"ROP P1 adaxial_2","ROP","P1","adaxial","2","week5"
7,455.560625,83.0868361750729,29.8123733970161,"ROP P1 adaxial_2","ROP","P1","adaxial","2","week5"
8,319.41,69.4252876556448,24.596885246318,"ROP P1 adaxial_2","ROP","P1","adaxial","2","week5"
9,404.226875,78.6849855149555,28.5645150232018,"ROP P1 adaxial_2","ROP","P1","adaxial","2","week5"
10,539.215625,88.0215601848969,29.626661087854,"ROP P1 adaxial_2","ROP","P1","adaxial","2","week5"
1,350.46375,70.4445003206742,24.0799556927855,"ROP P2 abaxial_1","ROP","P2","abaxial","1","week5"
2,493.69125,83.1099332139292,25.877163211612,"ROP P2 abaxial_1","ROP","P2","abaxial","1","week5"
3,319.515625,66.9021644662754,21.5259969649822,"ROP P2 abaxial_1","ROP","P2","abaxial","1","week5"
4,394.509375,74.9618361750729,24.9480566244053,"ROP P2 abaxial_1","ROP","P2","abaxial","1","week5"
5,425.140625,77.8868361750729,25.5362327222353,"ROP P2 abaxial_1","ROP","P2","abaxial","1","week5"
6,299.446875,63.5964032818179,20.951941007878,"ROP P2 abaxial_1","ROP","P2","abaxial","1","week5"
7,204.70125,54.4502092041053,18.8708913265184,"ROP P2 abaxial_1","ROP","P2","abaxial","1","week5"
8,357.22375,74.6599332139292,28.2803198302196,"ROP P2 abaxial_1","ROP","P2","abaxial","1","week5"
9,522.526875,84.9810749906155,27.5166905089388,"ROP P2 abaxial_1","ROP","P2","abaxial","1","week5"
10,318.1425,74.2194480196478,30.1351847807461,"ROP P2 abaxial_1","ROP","P2","abaxial","1","week5"
11,410.03625,75.6445003206742,24.5202128843249,"ROP P2 abaxial_1","ROP","P2","abaxial","1","week5"
12,313.811875,69.3675450585041,25.7284031275432,"ROP P2 abaxial_1","ROP","P2","abaxial","1","week5"
1,385.425625,73.2348809129029,24.3187623466001,"ROP P2 abaxial_2","ROP","P2","abaxial","2","week5"
2,423.450625,76.9118361750729,23.6013360745205,"ROP P2 abaxial_2","ROP","P2","abaxial","2","week5"
3,289.306875,63.6290674274191,20.9971882035316,"ROP P2 abaxial_2","ROP","P2","abaxial","2","week5"
4,464.010625,82.1118361750729,27.9826836961086,"ROP P2 abaxial_2","ROP","P2","abaxial","2","week5"
5,386.059375,73.0118361750729,22.4732380556181,"ROP P2 abaxial_2","ROP","P2","abaxial","2","week5"
6,182.836875,49.9655374953077,16.5834108589112,"ROP P2 abaxial_2","ROP","P2","abaxial","2","week5"
7,340.218125,69.6367838740466,24.1139283093318,"ROP P2 abaxial_2","ROP","P2","abaxial","2","week5"
8,477.953125,82.8080302527855,27.8248777073664,"ROP P2 abaxial_2","ROP","P2","abaxial","2","week5"
9,415.000625,78.4946049227268,27.5132944350699,"ROP P2 abaxial_2","ROP","P2","abaxial","2","week5"
10,267.02,62.1060226895891,20.8720962478439,"ROP P2 abaxial_2","ROP","P2","abaxial","2","week5"
11,432.111875,78.4484108450142,26.9272805225497,"ROP P2 abaxial_2","ROP","P2","abaxial","2","week5"
12,432.2175,78.3233585439879,24.7285020165459,"ROP P2 abaxial_2","ROP","P2","abaxial","2","week5"
13,453.870625,80.1753661071843,26.2494258163964,"ROP P2 abaxial_2","ROP","P2","abaxial","2","week5"
14,379.19375,73.8984108450142,25.3457783722309,"ROP P2 abaxial_2","ROP","P2","abaxial","2","week5"
1,522.526875,87.525313806158,30.7265630211077,"ROP P2 adaxial_1","ROP","P2","adaxial","1","week5"
2,468.869375,84.5676496605568,31.6004357523187,"ROP P2 adaxial_1","ROP","P2","adaxial","1","week5"
3,501.71875,84.6465078838705,28.7266868263955,"ROP P2 adaxial_1","ROP","P2","adaxial","1","week5"
4,425.24625,79.9714555828442,28.7983562062917,"ROP P2 adaxial_1","ROP","P2","adaxial","1","week5"
5,483.656875,86.2946049227268,31.4137543921562,"ROP P2 adaxial_1","ROP","P2","adaxial","1","week5"
6,452.70875,81.888791437243,28.7103847559892,"ROP P2 adaxial_1","ROP","P2","adaxial","1","week5"
7,395.0375,74.8965078838705,24.7978183698642,"ROP P2 adaxial_1","ROP","P2","adaxial","1","week5"
8,533.723125,87.6599332139292,30.7128968337738,"ROP P2 adaxial_1","ROP","P2","adaxial","1","week5"
9,469.291875,82.3810749906155,28.8325058349736,"ROP P2 adaxial_1","ROP","P2","adaxial","1","week5"
10,449.011875,78.8291720294717,25.734240698834,"ROP P2 adaxial_1","ROP","P2","adaxial","1","week5"
1,485.346875,85.8676496605568,31.3623677340666,"ROP P2 adaxial_2","ROP","P2","adaxial","2","week5"
2,581.465625,91.5734631460406,31.6970435518416,"ROP P2 adaxial_2","ROP","P2","adaxial","2","week5"
3,461.898125,83.3983062429616,28.6695271208677,"ROP P2 adaxial_2","ROP","P2","adaxial","2","week5"
4,405.38875,76.1829779517592,26.6124556084001,"ROP P2 adaxial_2","ROP","P2","adaxial","2","week5"
5,582.099375,91.100313806158,31.1404170064407,"ROP P2 adaxial_2","ROP","P2","adaxial","2","week5"
6,435.80875,82.7291720294717,30.9938094928336,"ROP P2 adaxial_2","ROP","P2","adaxial","2","week5"
7,494.53625,84.3637391362167,28.8472062589987,"ROP P2 adaxial_2","ROP","P2","adaxial","2","week5"
8,476.263125,81.6984108450143,28.3769604361799,"ROP P2 adaxial_2","ROP","P2","adaxial","2","week5"
9,507.950625,86.8984108450142,31.3194235839266,"ROP P2 adaxial_2","ROP","P2","adaxial","2","week5"
1,461.7925,81.350313806158,27.5733633688019,"ROP P3 abaxial_1","ROP","P3","abaxial","1","week5"
2,420.17625,78.100313806158,27.6051623910076,"ROP P3 abaxial_1","ROP","P3","abaxial","1","week5"
3,378.243125,75.1522167673017,27.7495783877586,"ROP P3 abaxial_1","ROP","P3","abaxial","1","week5"
4,282.86375,62.1848809129029,20.4843563866518,"ROP P3 abaxial_1","ROP","P3","abaxial","1","week5"
5,355.53375,71.0618361750729,24.5780604189308,"ROP P3 abaxial_1","ROP","P3","abaxial","1","week5"
6,342.6475,70.0637391362167,24.5064486337532,"ROP P3 abaxial_1","ROP","P3","abaxial","1","week5"
7,413.83875,77.7522167673017,28.5849496956042,"ROP P3 abaxial_1","ROP","P3","abaxial","1","week5"
8,412.254375,78.2906943983867,28.5970485010985,"ROP P3 abaxial_1","ROP","P3","abaxial","1","week5"
9,389.016875,74.1079256507329,24.826441579286,"ROP P3 abaxial_1","ROP","P3","abaxial","1","week5"
10,372.116875,73.6945003206741,26.8405248253655,"ROP P3 abaxial_1","ROP","P3","abaxial","1","week5"
11,283.70875,63.2945003206742,21.6752112412064,"ROP P3 abaxial_1","ROP","P3","abaxial","1","week5"
12,373.806875,77.2137391362167,30.3639114040764,"ROP P3 abaxial_1","ROP","P3","abaxial","1","week5"
13,382.890625,73.8848809129029,24.9837666578174,"ROP P3 abaxial_1","ROP","P3","abaxial","1","week5"
14,255.506875,64.5809703885628,26.3742274493822,"ROP P3 abaxial_1","ROP","P3","abaxial","1","week5"
1,280.223125,67.6079256507328,25.881907388898,"ROP P3 abaxial_2","ROP","P3","abaxial","2","week5"
2,432.956875,82.6080825538118,30.2912000782769,"ROP P3 abaxial_2","ROP","P3","abaxial","2","week5"
3,397.889375,74.7252615051316,25.4047370427807,"ROP P3 abaxial_2","ROP","P3","abaxial","2","week5"
4,387.326875,72.8214555828442,23.0866657523677,"ROP P3 abaxial_2","ROP","P3","abaxial","2","week5"
5,384.475,73.9637391362167,24.8011461261728,"ROP P3 abaxial_2","ROP","P3","abaxial","2","week5"
6,434.435625,80.2406943983867,29.4208241465925,"ROP P3 abaxial_2","ROP","P3","abaxial","2","week5"
7,413.83875,77.9099332139292,28.1537364299025,"ROP P3 abaxial_2","ROP","P3","abaxial","2","week5"
8,423.661875,77.8637391362167,26.81960412987,"ROP P3 abaxial_2","ROP","P3","abaxial","2","week5"
9,329.233125,70.8252615051316,26.0284080767185,"ROP P3 abaxial_2","ROP","P3","abaxial","2","week5"
10,386.165,76.5310749906155,27.9187351945728,"ROP P3 abaxial_2","ROP","P3","abaxial","2","week5"
11,399.685,75.2964032818179,25.7399315836138,"ROP P3 abaxial_2","ROP","P3","abaxial","2","week5"
12,430.95,80.2406943983867,29.0554484874849,"ROP P3 abaxial_2","ROP","P3","abaxial","2","week5"
1,193.610625,54.8751830535922,19.9242369231272,"ROP P3 adaxial_1","ROP","P3","adaxial","1","week5"
2,251.3875,61.7443957186215,22.2061687569903,"ROP P3 adaxial_1","ROP","P3","adaxial","1","week5"
3,296.38375,65.6117315730203,22.9047168994061,"ROP P3 adaxial_1","ROP","P3","adaxial","1","week5"
4,319.19875,68.1925973595304,24.6208579155685,"ROP P3 adaxial_1","ROP","P3","adaxial","1","week5"
5,296.911875,68.3041197284454,24.8831809934011,"ROP P3 adaxial_1","ROP","P3","adaxial","1","week5"
6,183.048125,55.5598286118766,21.7200000630318,"ROP P3 adaxial_1","ROP","P3","adaxial","1","week5"
7,328.388125,69.9060226895891,25.5802033957929,"ROP P3 adaxial_1","ROP","P3","adaxial","1","week5"
8,343.809375,75.0502615051316,29.1709400892866,"ROP P3 adaxial_1","ROP","P3","adaxial","1","week5"
9,297.545625,66.4983062429616,23.3845814739089,"ROP P3 adaxial_1","ROP","P3","adaxial","1","week5"
10,369.370625,75.7233585439879,27.894602223519,"ROP P3 adaxial_1","ROP","P3","adaxial","1","week5"
11,242.831875,65.2771644662754,25.6781868343704,"ROP P3 adaxial_1","ROP","P3","adaxial","1","week5"
1,402.43125,79.8137391362167,30.2657202045448,"ROP P3 adaxial_2","ROP","P3","adaxial","2","week5"
2,309.798125,71.3310749906154,27.2652566684401,"ROP P3 adaxial_2","ROP","P3","adaxial","2","week5"
3,341.485625,71.5541197284454,25.3728174397402,"ROP P3 adaxial_2","ROP","P3","adaxial","2","week5"
4,353.84375,74.9945003206741,28.4851797289176,"ROP P3 adaxial_2","ROP","P3","adaxial","2","week5"
5,321.73375,69.6367838740466,25.3385041292285,"ROP P3 adaxial_2","ROP","P3","adaxial","2","week5"
6,255.295625,61.3445003206741,20.706775866019,"ROP P3 adaxial_2","ROP","P3","adaxial","2","week5"
7,353.6325,74.2656420973604,27.4720976451113,"ROP P3 adaxial_2","ROP","P3","adaxial","2","week5"
8,291.841875,67.4733062429616,25.1495156273456,"ROP P3 adaxial_2","ROP","P3","adaxial","2","week5"
9,314.234375,71.8560226895891,28.4208919018419,"ROP P3 adaxial_2","ROP","P3","adaxial","2","week5"
10,317.2975,70.4445003206741,26.3171231620218,"ROP P3 adaxial_2","ROP","P3","adaxial","2","week5"
11,200.581875,56.6694480196478,21.6734883482897,"ROP P3 adaxial_2","ROP","P3","adaxial","2","week5"
